Date,Temperature,Precipitation,Humidity,Latitude,Longitude,Temperature_F,Is_Hot,Temp_Fahrenheit
2023-01-02 08:00:00,9.7,0,40.5,31.05130728125684,118.64369931421272,49.46,0,49.46
2023-01-02 14:00:00,9.2,10,63.1,-10.33607773209323,111.84608532153304,48.56,0,48.56
2023-01-02 23:00:00,8.4,15,33.9,52.66706637764426,52.461015606379306,47.120000000000005,0,47.120000000000005
2023-01-04 02:00:00,10.9,0,57.1,-21.9889415291064,-41.02166316533911,51.620000000000005,0,51.620000000000005
2023-01-04 05:00:00,10.7,0,50.3,7.253375722255299,-147.68657979834342,51.26,0,51.26
2023-01-04 07:00:00,7.3,0,42.7,78.8968311572369,-154.60717046653565,45.14,0,45.14
2023-01-04 12:00:00,10.7,0,55.2,-14.39801922678069,-75.69792585424274,51.26,0,51.26
2023-01-04 14:00:00,5.7,0,55.0,-30.918040977898904,167.63003109604813,42.260000000000005,0,42.260000000000005
2023-01-05 05:00:00,9.9,0,53.9,65.6386059344652,-35.887378977722136,49.82,0,49.82
2023-01-05 05:00:00,12.1,0,55.9,-30.54875984962481,-3.677087524233343,53.78,0,53.78
2023-01-05 15:00:00,8.4,20,30.0,-78.93966777645825,-11.01353688386709,47.120000000000005,0,47.120000000000005
2023-01-06 02:00:00,10.0,0,67.4,-74.6898506119366,-165.47981323015728,50.0,0,50.0
2023-01-07 11:00:00,17.2,0,61.4,-67.15000552410493,132.14166565642105,62.96,0,62.959999999999994
2023-01-07 15:00:00,12.4,10,49.3,73.44333817589924,-172.13518368496736,54.32,0,54.32
2023-01-07 21:00:00,12.4,0,39.3,41.94001930007218,114.79293738736976,54.32,0,54.32
2023-01-08 14:00:00,11.6,0,60.6,-57.27980390087485,-132.38326256454658,52.88,0,52.879999999999995
2023-01-08 15:00:00,14.2,0,57.0,29.1093628759122,44.355734304482496,57.56,0,57.56
2023-01-09 06:00:00,8.7,5,54.1,-10.420733757650396,143.06303459577106,47.66,0,47.66
2023-01-09 11:00:00,10.9,0,49.5,-57.387009770985095,-56.83226395971782,51.620000000000005,0,51.620000000000005
2023-01-09 18:00:00,8.4,0,37.8,67.25133517269876,-19.502802062274185,47.120000000000005,0,47.120000000000005
2023-01-09 21:00:00,12.7,0,40.2,-65.61728337695565,62.552242722272325,54.86,0,54.86
2023-01-10 04:00:00,12.4,0,32.4,-18.719826050589266,2.133288052701801,54.32,0,54.32
2023-01-10 10:00:00,14.5,0,48.3,-26.11841697242027,48.83231590294076,58.1,0,58.1
2023-01-11 01:00:00,13.4,20,48.7,21.451092365850613,-106.27113273976458,56.120000000000005,0,56.120000000000005
2023-01-11 01:00:00,11.7,5,66.5,-56.72908836953551,-0.6001098140746137,53.06,0,53.06
2023-01-11 06:00:00,11.2,0,42.9,80.27476017220786,78.48510412572057,52.16,0,52.16
2023-01-11 08:00:00,10.4,0,42.7,31.09763059424401,128.60313745312476,50.72,0,50.72
2023-01-12 07:00:00,16.2,0,44.5,-41.04817930832424,21.318527436644928,61.16,0,61.16
2023-01-12 18:00:00,15.0,0,42.9,-64.20933743352461,92.79956173505684,59.0,0,59.0
2023-01-12 20:00:00,12.5,0,61.1,48.50080093476848,-160.6914750525009,54.5,0,54.5
2023-01-13 09:00:00,6.7,0,40.9,0.0501363373968644,131.4255957751418,44.06,0,44.06
2023-01-13 14:00:00,15.0,0,63.3,88.5532945029558,-55.07915925160802,59.0,0,59.0
2023-01-14 08:00:00,15.5,10,51.1,-84.5813030019626,136.7692656217252,59.9,0,59.9
2023-01-14 12:00:00,13.4,0,56.7,-56.568047039066585,-29.269748402033684,56.120000000000005,0,56.120000000000005
2023-01-14 12:00:00,13.2,0,67.2,11.988946602983331,-69.18510599059711,55.76,0,55.76
2023-01-14 13:00:00,17.9,0,61.2,22.08411737096354,90.76115977091092,64.22,0,64.22
2023-01-15 03:00:00,16.7,0,64.3,51.024520808868175,141.81606384119658,62.06,0,62.059999999999995
2023-01-15 08:00:00,14.3,15,59.9,-69.27368788886379,-106.56194270062056,57.74,0,57.74
2023-01-15 22:00:00,17.6,10,64.0,57.61215037001688,38.9560956359208,63.68,0,63.68
2023-01-16 09:00:00,9.1,0,44.3,81.0959077717936,28.27505455327133,48.38,0,48.379999999999995
2023-01-17 00:00:00,15.9,5,82.2,31.930763379997103,99.18190681883976,60.62,0,60.62
2023-01-21 05:00:00,11.0,0,66.0,-7.274869701547857,178.90179026820107,51.8,0,51.8
2023-01-21 07:00:00,8.7,0,58.3,68.32826940811717,-50.5167979596956,47.66,0,47.66
2023-01-21 17:00:00,11.6,0,66.3,-4.076928337967757,-108.28091309865246,52.88,0,52.879999999999995
2023-01-21 21:00:00,13.5,15,54.4,-7.482343656341158,-96.81089296518137,56.3,0,56.3
2023-01-22 18:00:00,16.3,0,68.5,68.27943882212531,70.5887501641341,61.34,0,61.34
2023-01-23 01:00:00,19.0,0,60.6,64.76304146609621,95.70911179850714,66.2,0,66.2
2023-01-23 06:00:00,16.8,5,61.1,-26.13026600223072,58.43444887424965,62.24,0,62.24
2023-01-23 07:00:00,16.5,0,52.4,43.60885060541162,175.452650032392,61.7,0,61.7
2023-01-23 16:00:00,15.9,0,65.5,31.7670749137088,86.63888918398538,60.62,0,60.62
2023-01-23 22:00:00,15.6,0,47.7,-17.635100960116674,143.7296105841129,60.08,0,60.08
2023-01-23 23:00:00,14.8,0,53.0,-37.5370355711171,90.6570525444052,58.64,0,58.64
2023-01-24 06:00:00,18.9,0,48.5,-8.989444903279448,36.09050763584989,66.02,0,66.02
2023-01-24 18:00:00,14.8,5,62.2,-28.56264372899061,-161.01217722160175,58.64,0,58.64
2023-01-24 21:00:00,15.9,0,56.1,-85.9383878930375,51.806864544395296,60.62,0,60.62
2023-01-25 13:00:00,11.8,0,65.4,-3.027444603539664,156.4357970575856,53.24,0,53.24
2023-01-25 17:00:00,20.0,0,52.5,15.40147118279434,108.66246064301016,68.0,0,68.0
2023-01-26 09:00:00,16.2,0,68.7,-13.298177168598457,-165.86458140648233,61.16,0,61.16
2023-01-26 10:00:00,12.8,0,52.2,59.67329996020024,95.88499671767488,55.04,0,55.04
2023-01-27 20:00:00,19.9,0,54.3,-87.96554341397595,-6.263555161852565,67.82,0,67.82
2023-01-28 04:00:00,14.5,0,49.1,-18.872046454985096,149.93609440158514,58.1,0,58.1
2023-01-28 15:00:00,15.6,0,60.9,35.6099013909306,-159.75925385365,60.08,0,60.08
2023-01-28 23:00:00,23.5,0,81.6,0.2296160326312843,37.55267360651513,74.3,0,74.3
2023-01-29 03:00:00,20.6,0,50.8,-15.984452001141747,-165.97517531455287,69.08,0,69.08
2023-01-29 15:00:00,19.8,5,64.6,-88.85177218681368,12.441318896271127,67.64,0,67.64
2023-01-30 12:00:00,15.1,5,62.3,-41.04025103801591,19.43757198112715,59.18,0,59.18
2023-01-30 17:00:00,18.0,20,55.0,23.662582664943717,69.44720796891636,64.4,0,64.4
2023-01-30 20:00:00,15.3,0,41.1,79.12234602452983,-176.21523916500473,59.540000000000006,0,59.540000000000006
2023-01-31 09:00:00,15.6,0,30.0,28.559043889158048,-58.56098081552443,60.08,0,60.08
2023-01-31 18:00:00,17.0,0,59.4,28.15372863011824,-38.801594363925545,62.6,0,62.6
2023-02-01 11:00:00,20.2,0,60.2,30.21622320614641,2.7928217478847728,68.36,0,68.36
2023-02-01 15:00:00,21.3,0,59.4,-84.51653646438717,-41.977029219026775,70.34,0,70.34
2023-02-02 00:00:00,23.2,0,68.9,78.25138478789418,29.54524720472048,73.75999999999999,0,73.75999999999999
2023-02-02 02:00:00,25.7,0,69.2,-15.220259893423872,-52.74965085814058,78.25999999999999,1,78.25999999999999
2023-02-02 08:00:00,21.4,5,50.0,11.193985991614523,-129.16833712661344,70.52,0,70.52
2023-02-04 00:00:00,17.0,0,71.1,-37.90088610849217,33.01810880126416,62.6,0,62.6
2023-02-04 03:00:00,16.8,0,64.3,-85.37586392350653,85.87657922290686,62.24,0,62.24
2023-02-04 20:00:00,12.6,20,54.8,88.10120357371017,92.89455156403795,54.68,0,54.68
2023-02-05 00:00:00,26.4,0,79.1,45.624979918727405,-60.417892057776285,79.52,1,79.52
2023-02-05 04:00:00,13.1,20,73.7,-36.7322347014091,-66.40805496127122,55.58,0,55.58
2023-02-05 07:00:00,15.1,0,50.6,62.43970039721151,-175.67891018183428,59.18,0,59.18
2023-02-05 12:00:00,22.4,0,77.0,8.362537511062385,-53.40604595691407,72.32,0,72.32
2023-02-05 20:00:00,19.5,0,61.1,-88.14879073157543,-29.17088143937121,67.1,0,67.1
2023-02-06 11:00:00,20.6,0,76.1,14.005269045195249,152.13735255382483,69.08,0,69.08
2023-02-06 18:00:00,18.8,0,53.6,28.45839925016857,-6.998421298943498,65.84,0,65.84
2023-02-07 14:00:00,21.7,0,64.0,77.67988457570658,117.90852982337412,71.06,0,71.06
2023-02-07 19:00:00,12.9,0,43.5,-80.89684131163881,-179.6603705036528,55.22,0,55.22
2023-02-08 03:00:00,18.4,0,63.4,14.27660399914882,-67.61169483511341,65.12,0,65.12
2023-02-08 04:00:00,19.4,5,67.7,37.1243092599472,-87.60700541300551,66.92,0,66.92
2023-02-08 11:00:00,17.3,20,62.1,-67.31963498448103,61.81518932786187,63.14,0,63.14
2023-02-09 13:00:00,21.5,0,52.3,-34.84521911681345,106.20415329424937,70.7,0,70.7
2023-02-09 22:00:00,15.0,0,58.8,77.15350118077095,-179.918266241428,59.0,0,59.0
2023-02-10 09:00:00,11.8,0,69.8,-70.55197931224671,171.5823494334033,53.24,0,53.24
2023-02-10 16:00:00,23.0,0,65.7,-20.0292573822216,174.47561193270224,73.4,0,73.4
2023-02-11 11:00:00,21.6,5,37.9,42.30453351416821,-9.20343090701732,70.88,0,70.88
2023-02-11 12:00:00,24.0,0,65.2,-79.79752221014962,-25.07524834600784,75.2,0,75.2
2023-02-12 02:00:00,22.1,0,70.5,61.04638945273544,-56.85500352328008,71.78,0,71.78
2023-02-12 05:00:00,19.9,0,63.4,-71.41229840249129,101.93811513253098,67.82,0,67.82
2023-02-12 10:00:00,20.4,0,68.5,-66.42472626104866,96.74896729050464,68.72,0,68.72
2023-02-12 18:00:00,21.7,0,56.7,-41.28409044328218,11.68952683820305,71.06,0,71.06
2023-02-12 19:00:00,21.6,5,61.4,-44.58385312745632,-158.95512459472428,70.88,0,70.88
2023-02-13 06:00:00,17.4,0,63.3,24.06808795779523,-174.22986367615567,63.32,0,63.32
2023-02-13 09:00:00,21.9,0,74.1,-60.98061384447794,-115.52582184185464,71.42,0,71.42
2023-02-13 11:00:00,23.9,0,55.6,-17.506892745570468,108.04952979074731,75.02,0,75.02
2023-02-13 13:00:00,18.5,0,61.1,-61.15939182422887,24.82397398146628,65.3,0,65.3
2023-02-13 21:00:00,20.6,10,60.4,-28.925051884277856,70.97985154452616,69.08,0,69.08
2023-02-14 21:00:00,20.0,0,49.3,-17.4220860269119,68.41687982740186,68.0,0,68.0
2023-02-15 08:00:00,25.3,0,67.6,-72.90625045889223,-133.0728731844244,77.54,1,77.54
2023-02-16 03:00:00,23.9,5,64.4,32.85584271678988,170.08610041004482,75.02,0,75.02
2023-02-16 05:00:00,27.3,0,74.1,-26.8525603196972,-77.69365354377764,81.14,1,81.14
2023-02-16 16:00:00,18.4,0,64.0,-42.21064666276698,173.78623472773893,65.12,0,65.12
2023-02-16 17:00:00,16.8,0,57.1,-75.58096921027159,40.08299624918144,62.24,0,62.24
2023-02-16 22:00:00,24.9,0,74.8,10.184117130387603,155.72401513414593,76.82,0,76.82
2023-02-17 18:00:00,17.0,0,73.9,13.85669023518274,-161.93687388480936,62.6,0,62.6
2023-02-17 18:00:00,22.0,0,65.7,74.95569801577193,-56.54532140668948,71.6,0,71.6
2023-02-17 21:00:00,24.0,5,54.4,26.05414474382735,52.278687304079,75.2,0,75.2
2023-02-18 00:00:00,22.4,0,68.3,84.47792621115221,-8.960988624539254,72.32,0,72.32
2023-02-18 16:00:00,23.6,0,85.7,19.497510001398908,-33.19990761378145,74.48,0,74.48
2023-02-20 01:00:00,17.3,0,62.4,87.04209717245934,-111.55364412526596,63.14,0,63.14
2023-02-20 02:00:00,16.0,0,69.6,-17.736879763972212,-120.17340014049029,60.8,0,60.8
2023-02-20 12:00:00,25.4,0,71.6,-4.392685472038508,-53.16226046908585,77.72,1,77.72
2023-02-20 17:00:00,19.9,5,64.8,-65.31327213250623,-172.75037437825566,67.82,0,67.82
2023-02-21 04:00:00,22.9,10,44.1,-30.24512914754781,-163.7455088115749,73.22,0,73.22
2023-02-21 11:00:00,22.3,0,57.9,-60.69762194287871,87.22520333530099,72.14,0,72.14
2023-02-21 23:00:00,22.3,15,63.0,44.974787631888375,50.02668791038246,72.14,0,72.14
2023-02-22 01:00:00,22.1,15,59.6,-61.07767475186787,121.9873902854648,71.78,0,71.78
2023-02-22 16:00:00,21.1,20,62.7,-80.88795499156666,-112.88887025256916,69.98,0,69.98
2023-02-22 21:00:00,24.2,0,50.1,-28.725919899433254,121.1191892891531,75.56,0,75.56
2023-02-23 02:00:00,21.9,5,79.2,72.76379245336173,-19.178471267049417,71.42,0,71.42
2023-02-24 12:00:00,24.4,15,97.3,-87.0839284788959,56.990678222182254,75.92,0,75.92
2023-02-24 18:00:00,30.3,0,67.1,-33.86170156252946,-64.4923646100563,86.53999999999999,1,86.53999999999999
2023-02-24 20:00:00,23.0,0,71.3,-45.74746035118795,164.9297231296186,73.4,0,73.4
2023-02-24 20:00:00,24.3,5,81.0,-26.020919274468888,72.56349561705923,75.74000000000001,0,75.74000000000001
2023-02-25 07:00:00,22.2,5,82.4,-12.602661458209257,-89.16669499134493,71.96,0,71.96
2023-02-25 08:00:00,23.5,0,80.6,-22.55004530867224,-135.55804830827216,74.3,0,74.3
2023-02-25 09:00:00,20.5,0,63.3,-74.75609846244477,-122.44328518808108,68.9,0,68.9
2023-02-25 12:00:00,20.2,20,72.4,55.51303300086437,86.20892396594184,68.36,0,68.36
2023-02-25 21:00:00,22.4,0,53.5,-0.007381446338087,95.51386782913904,72.32,0,72.32
2023-02-26 03:00:00,20.3,5,68.1,42.99600188394589,-72.84590007541904,68.54,0,68.54
2023-02-27 00:00:00,21.4,0,82.0,3.341103959832111,168.02432191263892,70.52,0,70.52
2023-02-27 07:00:00,20.0,0,71.4,16.9635289155475,-5.393524491345147,68.0,0,68.0
2023-02-28 00:00:00,23.7,0,49.2,70.2691777539479,95.97454009633856,74.66,0,74.66
2023-02-28 02:00:00,20.4,0,52.0,-73.00459842111343,29.41974989045161,68.72,0,68.72
2023-02-28 08:00:00,20.2,0,81.5,31.744992217090346,39.73068281453652,68.36,0,68.36
2023-03-01 10:00:00,27.3,5,82.7,24.37458423514377,66.1932449672515,81.14,1,81.14
2023-03-01 12:00:00,25.6,0,52.7,58.25224993481524,52.39236830778802,78.08,1,78.08
2023-03-03 14:00:00,18.6,0,73.1,9.624919717772984,-19.32251040483797,65.48,0,65.48
2023-03-04 00:00:00,21.3,15,85.1,65.89827816801025,94.39634099310376,70.34,0,70.34
2023-03-04 11:00:00,29.0,0,61.1,62.659662302813416,34.33189325647416,84.2,1,84.2
2023-03-04 19:00:00,17.3,5,51.1,-74.33690070549802,-65.9006561637787,63.14,0,63.14
2023-03-05 00:00:00,27.0,0,71.2,-76.90770939983969,34.611353837962895,80.6,1,80.6
2023-03-05 07:00:00,24.7,0,75.1,41.43990919630485,-159.33893627222153,76.46,0,76.46
2023-03-05 16:00:00,23.9,5,70.8,-78.83254494782022,-99.22212727207362,75.02,0,75.02
2023-03-06 19:00:00,27.5,0,56.5,11.834091110392066,-98.71576122577352,81.5,1,81.5
2023-03-06 22:00:00,20.9,0,59.9,21.49019448597035,60.006834681304696,69.62,0,69.62
2023-03-07 02:00:00,29.3,0,76.3,82.37369632906581,-9.30313948353131,84.74,1,84.74
2023-03-07 06:00:00,23.9,0,62.5,-89.88238966296608,-60.617934321179774,75.02,0,75.02
2023-03-07 09:00:00,21.8,0,69.0,-5.817381752722127,-110.87158711091595,71.24000000000001,0,71.24000000000001
2023-03-07 18:00:00,28.7,0,57.3,31.15658356401906,154.85947303051802,83.66,1,83.66
2023-03-08 11:00:00,24.5,0,70.8,77.24604909810373,-129.86853451750656,76.1,0,76.1
2023-03-08 11:00:00,28.0,0,63.5,-12.377903437519578,-151.97165294084294,82.4,1,82.4
2023-03-09 01:00:00,31.2,0,61.2,-68.72064798760405,-68.51098400213192,88.16,1,88.16
2023-03-10 04:00:00,20.8,10,58.0,-52.50322979846677,-158.07400443533422,69.44,0,69.44
2023-03-10 15:00:00,25.0,0,48.8,-49.62265940636527,58.79185542144072,77.0,0,77.0
2023-03-11 08:00:00,24.2,0,73.7,-44.45525863435442,-61.96176215342693,75.56,0,75.56
2023-03-11 15:00:00,25.9,0,76.1,-70.94262272163672,-67.06687508742375,78.62,1,78.62
2023-03-12 12:00:00,25.3,0,96.4,-71.19818674197275,-44.32792307501214,77.54,1,77.54
2023-03-12 18:00:00,26.1,0,61.3,69.22563988133047,108.86464240247676,78.98,1,78.98
2023-03-13 08:00:00,26.3,0,42.6,-4.169002008037609,-8.285978657644648,79.34,1,79.34
2023-03-14 20:00:00,22.9,5,61.1,-2.7831608855980505,53.77637528518406,73.22,0,73.22
2023-03-15 00:00:00,22.0,0,75.0,-51.99733033955327,26.482780809615605,71.6,0,71.6
2023-03-15 18:00:00,23.1,0,52.1,-16.813703275294998,-6.473757680304288,73.58,0,73.58
2023-03-15 23:00:00,25.0,0,66.9,61.21945411905597,-93.93610173298931,77.0,0,77.0
2023-03-15 23:00:00,22.7,0,64.3,-34.83657575229234,79.25668593513848,72.86,0,72.86
2023-03-16 04:00:00,24.2,0,73.4,-42.99076214804516,-123.70962900784498,75.56,0,75.56
2023-03-16 04:00:00,26.7,0,77.4,-16.67420564169018,99.31581160908952,80.06,1,80.06
2023-03-16 08:00:00,23.5,0,71.6,-69.91326000769546,-139.46743204949,74.3,0,74.3
2023-03-16 10:00:00,21.9,0,69.0,-22.948392320376144,-100.93142570595516,71.42,0,71.42
2023-03-16 17:00:00,18.0,0,66.9,30.796768275475685,93.5365170342198,64.4,0,64.4
2023-03-16 19:00:00,26.7,5,80.3,-73.82216668749108,72.31165100779677,80.06,1,80.06
2023-03-16 21:00:00,26.6,5,92.9,20.45482253808909,-9.248880647365098,79.88,1,79.88
2023-03-17 00:00:00,24.8,0,44.9,-25.342425543115738,147.31276903433536,76.64,0,76.64
2023-03-17 02:00:00,28.1,5,73.3,-82.06814491733135,130.8353680041784,82.58,1,82.58
2023-03-17 04:00:00,24.3,0,95.5,55.74150652786008,-160.21212953766403,75.74000000000001,0,75.74000000000001
2023-03-17 12:00:00,21.5,5,73.9,-60.593983488284366,97.9747299417017,70.7,0,70.7
2023-03-17 19:00:00,21.3,0,89.6,-74.8570207933111,125.44983878625528,70.34,0,70.34
2023-03-18 09:00:00,24.3,5,60.4,84.76924492883134,3.2252545519371267,75.74000000000001,0,75.74000000000001
2023-03-18 11:00:00,28.9,0,81.4,58.66781553900293,-18.020277263210545,84.02,1,84.02
2023-03-18 13:00:00,22.3,0,72.9,-15.96528502807837,60.09388108512505,72.14,0,72.14
2023-03-18 20:00:00,26.6,0,64.9,14.985430616260215,89.49913508945963,79.88,1,79.88
2023-03-18 21:00:00,20.8,0,61.7,74.04105421415352,-32.13664434323567,69.44,0,69.44
2023-03-19 07:00:00,31.0,0,70.1,8.405222772983421,-177.48638572307468,87.8,1,87.8
2023-03-19 08:00:00,24.4,0,69.6,-72.83503417085936,82.12191744101989,75.92,0,75.92
2023-03-19 21:00:00,23.1,0,59.9,-50.77955166718608,5.307189752440763,73.58,0,73.58
2023-03-20 07:00:00,25.7,0,76.8,29.14445387466208,4.461415463558353,78.25999999999999,1,78.25999999999999
2023-03-20 11:00:00,24.4,0,65.9,-62.19140327911336,87.1119826250349,75.92,0,75.92
2023-03-20 14:00:00,24.6,0,76.4,-18.541410802654653,-86.79446107446975,76.28,0,76.28
2023-03-20 20:00:00,26.1,0,68.2,-7.572781001874972,127.41943757106702,78.98,1,78.98
2023-03-20 22:00:00,24.9,0,63.3,7.4004884781920595,11.99647722945781,76.82,0,76.82
2023-03-21 06:00:00,23.0,0,80.1,78.19794697561946,-108.87987395574784,73.4,0,73.4
2023-03-22 10:00:00,18.6,20,69.0,-82.75355945833822,77.44500713407967,65.48,0,65.48
2023-03-22 12:00:00,24.7,0,74.3,-16.058014200069877,-162.2539826048101,76.46,0,76.46
2023-03-22 13:00:00,22.4,0,73.0,-10.433984232397762,4.54148787715198,72.32,0,72.32
2023-03-22 14:00:00,31.3,10,84.0,86.07972033478049,-108.32636882306676,88.34,1,88.34
2023-03-22 17:00:00,20.5,0,75.6,-50.31971923582459,-115.14288681625708,68.9,0,68.9
2023-03-22 18:00:00,24.0,0,61.8,71.62835281987265,-119.51278121063572,75.2,0,75.2
2023-03-22 20:00:00,24.6,0,67.9,-33.25690176309885,156.74201628040754,76.28,0,76.28
2023-03-23 18:00:00,22.7,0,67.9,5.38930564744193,113.6683370254035,72.86,0,72.86
2023-03-24 05:00:00,23.3,0,70.9,-74.96551535759662,171.14773236650825,73.94,0,73.94
2023-03-24 13:00:00,21.9,0,65.7,-29.258229786438783,83.25021216505502,71.42,0,71.42
2023-03-24 21:00:00,23.3,5,76.6,34.075874178484256,-97.8007491473001,73.94,0,73.94
2023-03-26 05:00:00,26.6,0,75.0,45.2118846517277,-54.42051331489316,79.88,1,79.88
2023-03-26 09:00:00,25.0,0,66.2,83.75449025347197,-47.95260456734337,77.0,0,77.0
2023-03-26 18:00:00,25.1,0,72.5,-44.48553871497999,96.99932859176045,77.18,1,77.18
2023-03-26 23:00:00,29.4,0,68.1,70.31852198313163,52.70665508211204,84.91999999999999,1,84.91999999999999
2023-03-28 09:00:00,26.5,0,66.9,-43.83664901698212,-26.46009099292999,79.7,1,79.7
2023-03-28 17:00:00,25.5,0,60.2,-62.914991218920456,-136.66911256440503,77.9,1,77.9
2023-03-29 01:00:00,27.8,0,61.6,88.2598146828567,-162.1418729941862,82.04,1,82.04
2023-03-29 04:00:00,30.6,5,72.7,49.54392933029087,-56.12701757420085,87.08000000000001,1,87.08000000000001
2023-03-29 05:00:00,29.5,0,66.4,85.28407440428691,-8.963877350980624,85.1,1,85.1
2023-03-29 05:00:00,23.4,15,66.1,-79.76134840002362,69.01924108848797,74.12,0,74.12
2023-03-30 02:00:00,29.7,0,68.4,-63.55405375492126,-102.96191566860712,85.46000000000001,1,85.46000000000001
2023-03-30 10:00:00,25.1,0,66.2,2.5371796592267515,167.69963509859974,77.18,1,77.18
2023-03-30 20:00:00,27.3,0,69.6,3.8478638652734105,110.86463811924682,81.14,1,81.14
2023-03-31 11:00:00,24.9,0,81.7,58.959549409328446,-8.828742516215868,76.82,0,76.82
2023-03-31 17:00:00,25.1,0,75.9,-14.73393813069606,112.2504186063191,77.18,1,77.18
2023-04-01 08:00:00,23.2,5,69.0,20.51465513854187,4.240964365013042,73.75999999999999,0,73.75999999999999
2023-04-01 08:00:00,23.2,0,57.4,-27.754902286123503,-46.05038821335745,73.75999999999999,0,73.75999999999999
2023-04-01 13:00:00,30.3,0,73.6,-14.46707109477414,48.50789079745064,86.53999999999999,1,86.53999999999999
2023-04-02 15:00:00,24.9,0,64.0,8.976341299716935,-105.8471870842938,76.82,0,76.82
2023-04-02 16:00:00,22.2,0,70.8,-10.469933135648176,-46.44946346681914,71.96,0,71.96
2023-04-02 19:00:00,29.2,0,58.1,20.72324529741597,-111.88951473947223,84.56,1,84.56
2023-04-02 19:00:00,25.6,0,70.9,26.68202438541229,-75.2843324766303,78.08,1,78.08
2023-04-03 06:00:00,28.5,0,60.4,-48.334461522246336,-17.87386111891459,83.3,1,83.3
2023-04-03 06:00:00,26.6,5,62.5,-62.11344399418032,112.27180464373674,79.88,1,79.88
2023-04-03 11:00:00,27.5,0,68.7,-33.50241058995531,0.0209733087912127,81.5,1,81.5
2023-04-03 20:00:00,30.6,0,78.8,-61.42738259262429,128.99625799638886,87.08000000000001,1,87.08000000000001
2023-04-04 02:00:00,25.8,15,57.7,45.13853685799003,-82.5986676643231,78.44,1,78.44
2023-04-04 05:00:00,26.9,5,68.0,-28.805064517215328,34.578041673942096,80.42,1,80.42
2023-04-04 07:00:00,22.7,5,63.8,-2.8762969483072567,-121.78996082136472,72.86,0,72.86
2023-04-04 07:00:00,21.1,5,75.1,89.2024020883238,113.99588755258446,69.98,0,69.98
2023-04-04 12:00:00,25.2,0,72.1,-55.69023004659904,131.77284301647234,77.36,1,77.36
2023-04-04 15:00:00,27.2,0,67.3,-25.812688322482984,93.74402422349374,80.96,1,80.96
2023-04-04 16:00:00,22.9,0,74.8,-57.45867289877168,-74.64416483973318,73.22,0,73.22
2023-04-05 22:00:00,22.6,0,69.2,-48.0000919231212,-141.78227272291178,72.68,0,72.68
2023-04-06 02:00:00,26.5,0,63.3,-87.01335348613239,158.75723612679735,79.7,1,79.7
2023-04-07 00:00:00,23.0,0,63.2,-57.08919962361292,142.91830417118797,73.4,0,73.4
2023-04-07 05:00:00,25.7,0,73.6,-62.74218341340661,-72.77061657952395,78.25999999999999,1,78.25999999999999
2023-04-07 15:00:00,25.7,0,64.0,-26.78051027721944,130.1104965943863,78.25999999999999,1,78.25999999999999
2023-04-07 18:00:00,22.8,0,66.0,4.45241477905779,-51.41075976250386,73.04,0,73.04
2023-04-07 21:00:00,26.2,0,51.4,-28.308433422976705,27.239491079071087,79.16,1,79.16
2023-04-08 17:00:00,27.6,15,66.8,-50.722643780609,-127.18975895453464,81.68,1,81.68
2023-04-09 04:00:00,27.3,0,72.7,38.88899518358602,-15.109698029807303,81.14,1,81.14
2023-04-09 21:00:00,23.7,0,86.6,18.56702162213045,-149.2549091414202,74.66,0,74.66
2023-04-10 08:00:00,26.3,0,74.4,-77.19197780197625,1.621052659740883,79.34,1,79.34
2023-04-10 18:00:00,20.6,0,53.9,22.31972739521683,23.25263001604685,69.08,0,69.08
2023-04-11 13:00:00,28.0,0,55.2,78.46870468474071,-79.55701547479322,82.4,1,82.4
2023-04-11 15:00:00,22.3,0,66.4,-17.422603896014607,150.35302004559605,72.14,0,72.14
2023-04-11 20:00:00,22.2,0,74.3,-25.114589074520296,-136.33092071800772,71.96,0,71.96
2023-04-12 06:00:00,25.7,0,71.3,-1.8675968309559323,-26.11204985999194,78.25999999999999,1,78.25999999999999
2023-04-12 12:00:00,26.7,0,78.0,-67.32806465171552,-9.083157824285564,80.06,1,80.06
2023-04-12 13:00:00,29.2,0,58.7,53.26674968583043,-71.11212571387091,84.56,1,84.56
2023-04-12 19:00:00,23.7,0,75.4,14.88860088204268,138.68599633472348,74.66,0,74.66
2023-04-13 07:00:00,22.2,0,61.5,41.10675378113629,-61.97824841398773,71.96,0,71.96
2023-04-14 04:00:00,22.7,15,73.9,-31.62071207672676,19.013355258605657,72.86,0,72.86
2023-04-14 09:00:00,22.9,0,55.7,-64.1754977367564,-11.620578250385677,73.22,0,73.22
2023-04-14 12:00:00,32.5,0,56.9,-75.72954876638549,-113.65149709796434,90.5,1,90.5
2023-04-15 21:00:00,19.4,0,88.5,54.68488028702552,155.79105806171276,66.92,0,66.92
2023-04-16 02:00:00,22.6,0,86.4,68.04603231200224,53.38710982756854,72.68,0,72.68
2023-04-16 03:00:00,18.4,0,66.9,74.34746404017409,-150.6790033591827,65.12,0,65.12
2023-04-16 08:00:00,21.6,0,58.1,8.797104277667955,-62.57870851382873,70.88,0,70.88
2023-04-16 21:00:00,29.1,0,52.1,30.82874854124385,-71.00095382209182,84.38000000000001,1,84.38000000000001
2023-04-17 08:00:00,22.4,0,61.7,-85.68967225131297,-63.78847435877388,72.32,0,72.32
2023-04-17 11:00:00,25.4,0,46.3,-20.77000632382172,-123.92162619113874,77.72,1,77.72
2023-04-17 16:00:00,26.8,0,80.5,28.569174970863983,-64.65553698952263,80.24000000000001,1,80.24000000000001
2023-04-17 16:00:00,20.9,0,77.3,-18.08661877435173,-155.45281688443342,69.62,0,69.62
2023-04-17 17:00:00,21.8,0,63.0,-9.591385093466345,80.65050795825164,71.24000000000001,0,71.24000000000001
2023-04-17 22:00:00,28.4,0,57.8,-66.02721737984578,140.0402198932797,83.12,1,83.12
2023-04-18 00:00:00,22.3,0,69.4,36.37934174048267,-166.17568416251595,72.14,0,72.14
2023-04-18 04:00:00,31.7,0,72.3,11.883316479807776,-176.72866741756212,89.06,1,89.06
2023-04-18 09:00:00,30.0,5,70.7,-42.13287888621862,137.1222577961109,86.0,1,86.0
2023-04-18 12:00:00,25.3,0,65.8,-18.38417345686311,78.2873966202884,77.54,1,77.54
2023-04-18 18:00:00,23.4,5,62.4,71.20131266373096,-57.151998087220576,74.12,0,74.12
2023-04-19 10:00:00,23.5,0,77.3,-36.655629567608095,-135.41543038590572,74.3,0,74.3
2023-04-19 12:00:00,25.6,0,60.8,-84.16017971150634,-72.69616757879851,78.08,1,78.08
2023-04-19 12:00:00,28.9,0,82.5,-78.73832840049872,-148.3962346590624,84.02,1,84.02
2023-04-19 22:00:00,24.4,5,75.4,-60.40700476580183,74.29391885159859,75.92,0,75.92
2023-04-20 08:00:00,27.1,0,51.2,20.063450020618944,-90.00975928722131,80.78,1,80.78
2023-04-21 03:00:00,23.2,0,80.1,78.92678847854782,-56.66721018799254,73.75999999999999,0,73.75999999999999
2023-04-21 05:00:00,24.6,0,77.5,0.2732328630299463,154.3708658476387,76.28,0,76.28
2023-04-21 11:00:00,28.8,0,72.5,31.582088160556594,-83.9539622038209,83.84,1,83.84
2023-04-22 01:00:00,26.1,0,67.0,-12.365692858617363,-177.82306445376776,78.98,1,78.98
2023-04-23 08:00:00,17.1,0,64.4,-16.477995346473136,125.11714789970506,62.78,0,62.78
2023-04-23 10:00:00,22.3,0,61.7,21.07906999715813,-78.20443545836451,72.14,0,72.14
2023-04-24 06:00:00,22.5,5,55.0,-43.259248988925485,115.65005564149357,72.5,0,72.5
2023-04-24 11:00:00,22.6,5,63.2,77.19471897220183,-137.52990589389782,72.68,0,72.68
2023-04-25 05:00:00,25.7,0,71.5,31.318957466231467,-150.63302677990828,78.25999999999999,1,78.25999999999999
2023-04-25 05:00:00,24.5,0,88.0,30.459425386476013,-176.46208107487638,76.1,0,76.1
2023-04-25 13:00:00,26.4,5,56.5,82.43025478670475,13.7592366726511,79.52,1,79.52
2023-04-25 21:00:00,24.4,0,72.2,-42.96005678063092,24.94979438839272,75.92,0,75.92
2023-04-26 11:00:00,18.6,0,73.7,-46.746157778933984,-104.72494874773886,65.48,0,65.48
2023-04-26 17:00:00,19.3,0,74.9,82.46124160549809,108.33793975491488,66.74000000000001,0,66.74000000000001
2023-04-27 01:00:00,22.6,0,60.0,22.91920831632204,3.805347142261297,72.68,0,72.68
2023-04-27 12:00:00,19.5,0,54.6,-26.14885978856172,-29.820859568747267,67.1,0,67.1
2023-04-27 18:00:00,25.4,0,57.9,-40.12753505158807,-59.10610872904758,77.72,1,77.72
2023-04-27 20:00:00,21.3,0,81.8,69.27392118528078,-28.010795802955897,70.34,0,70.34
2023-04-28 04:00:00,21.9,0,67.9,4.212246765961481,70.1892479237313,71.42,0,71.42
2023-04-28 14:00:00,23.6,0,78.1,19.284350559043844,-126.7349997206139,74.48,0,74.48
2023-04-29 20:00:00,20.2,0,79.7,-75.37866573479891,23.18997160070916,68.36,0,68.36
2023-04-30 08:00:00,21.9,5,74.1,-79.27432247643414,37.16835216625074,71.42,0,71.42
2023-04-30 09:00:00,28.7,0,73.4,82.20967810008295,-68.59096232810367,83.66,1,83.66
2023-04-30 15:00:00,21.2,0,72.9,70.18440774531524,20.94162620055866,70.16,0,70.16
2023-04-30 16:00:00,26.4,0,61.2,45.696254887784335,-45.06302723400083,79.52,1,79.52
2023-05-01 12:00:00,24.9,5,82.0,33.095961330361774,-81.36428419081014,76.82,0,76.82
2023-05-01 19:00:00,23.0,0,66.9,-10.825984851509716,-148.6918727078641,73.4,0,73.4
2023-05-01 19:00:00,19.6,0,60.0,13.881074829823165,27.847224439080374,67.28,0,67.28
2023-05-02 04:00:00,19.1,5,77.4,-14.68988399189996,-61.42346305125274,66.38,0,66.38
2023-05-02 18:00:00,21.3,0,72.7,-14.547082337618164,51.40622538227129,70.34,0,70.34
2023-05-03 05:00:00,18.7,0,66.7,-49.56166842448201,-131.8398678021715,65.66,0,65.66
2023-05-03 08:00:00,21.7,0,64.8,-24.331955362596236,29.990609346313647,71.06,0,71.06
2023-05-03 18:00:00,23.9,0,76.1,-14.650690514700614,-162.28047076532582,75.02,0,75.02
2023-05-03 19:00:00,19.6,0,53.7,-6.0873135970397385,-125.37255133690113,67.28,0,67.28
2023-05-03 22:00:00,24.8,0,70.4,-16.258883527346555,-153.84038847078358,76.64,0,76.64
2023-05-04 07:00:00,23.1,0,68.9,42.22949412789632,1.4878230906377894,73.58,0,73.58
2023-05-04 17:00:00,21.7,0,57.2,-31.17695294560007,-112.63526265221938,71.06,0,71.06
2023-05-05 01:00:00,17.7,10,76.1,59.5708507899123,175.9825948693187,63.86,0,63.86
2023-05-06 03:00:00,25.8,0,81.9,-28.627457141599507,47.077351262143424,78.44,1,78.44
2023-05-06 11:00:00,26.8,0,55.0,-61.86294527240504,-160.9823929087001,80.24000000000001,1,80.24000000000001
2023-05-07 13:00:00,25.7,0,80.9,25.37379505777639,138.36363406966348,78.25999999999999,1,78.25999999999999
2023-05-08 13:00:00,20.0,0,57.0,62.99267949057696,-70.38344723254906,68.0,0,68.0
2023-05-08 13:00:00,22.8,5,60.6,4.584655324060776,152.8710448063092,73.04,0,73.04
2023-05-09 00:00:00,24.4,0,62.9,31.00512371295504,-34.21130854457215,75.92,0,75.92
2023-05-09 02:00:00,18.5,0,71.1,-5.227154561747966,-137.10935808142267,65.3,0,65.3
2023-05-09 10:00:00,22.6,0,75.9,86.85382900608695,-124.37250120341318,72.68,0,72.68
2023-05-09 17:00:00,22.9,0,95.4,89.59489002183611,-155.2485936879045,73.22,0,73.22
2023-05-10 01:00:00,18.5,0,69.4,-39.53974454074575,-86.83473298877136,65.3,0,65.3
2023-05-10 07:00:00,19.3,0,57.2,26.20299265693704,132.47266562312507,66.74000000000001,0,66.74000000000001
2023-05-10 13:00:00,25.6,5,60.5,17.072528310343728,-158.3182998358929,78.08,1,78.08
2023-05-10 19:00:00,23.8,0,57.0,20.30325039657187,99.0844340036602,74.84,0,74.84
2023-05-10 19:00:00,31.0,0,72.5,25.47080662612531,-109.264691895764,87.8,1,87.8
2023-05-11 07:00:00,19.5,0,62.0,69.51271898328213,-140.44927905331815,67.1,0,67.1
2023-05-11 19:00:00,20.2,10,78.2,-48.631189356428685,88.27730736870046,68.36,0,68.36
2023-05-12 02:00:00,22.9,0,61.8,-47.80339199792736,7.395781429749036,73.22,0,73.22
2023-05-12 03:00:00,24.1,5,72.2,-43.45351359573888,-28.18345769067011,75.38,0,75.38
2023-05-12 11:00:00,23.0,0,72.1,66.72392198233908,97.10878422855136,73.4,0,73.4
2023-05-13 05:00:00,21.6,0,56.7,-54.675770992890186,173.86087663969232,70.88,0,70.88
2023-05-14 01:00:00,18.6,10,79.7,58.40487316881882,-150.9909075768551,65.48,0,65.48
2023-05-14 03:00:00,28.0,0,73.8,12.889376906929895,127.194187199971,82.4,1,82.4
2023-05-14 09:00:00,13.7,0,61.9,34.62377510779456,-153.03749687928587,56.66,0,56.66
2023-05-14 22:00:00,25.0,0,62.0,-21.644725874522862,166.10998307113783,77.0,0,77.0
2023-05-14 23:00:00,18.3,0,57.7,7.250200773735784,-78.54299881363008,64.94,0,64.94
2023-05-15 08:00:00,22.0,0,71.6,42.14722662749634,-166.87402170277736,71.6,0,71.6
2023-05-15 08:00:00,24.1,0,65.5,-57.77430526051492,65.26155979167618,75.38,0,75.38
2023-05-16 04:00:00,21.4,0,60.6,-36.60975321172324,-146.71817386665603,70.52,0,70.52
2023-05-16 14:00:00,20.1,0,70.5,-5.995238240806486,68.84879896295615,68.18,0,68.18
2023-05-17 17:00:00,20.7,0,50.8,-18.97698324259372,-61.97657836110543,69.25999999999999,0,69.25999999999999
2023-05-17 21:00:00,20.4,0,78.1,11.56172700321649,10.31637743613922,68.72,0,68.72
2023-05-18 02:00:00,19.1,0,64.2,16.823048886850287,166.9266679273377,66.38,0,66.38
2023-05-19 07:00:00,19.5,5,69.6,-28.19039360802404,-55.7939376271562,67.1,0,67.1
2023-05-19 16:00:00,18.4,0,54.5,-67.80891972618957,-92.16169115311,65.12,0,65.12
2023-05-19 22:00:00,21.2,0,57.5,-16.775135828689756,68.99603467195496,70.16,0,70.16
2023-05-20 03:00:00,15.6,0,79.5,-62.63125786359147,-67.65694392527257,60.08,0,60.08
2023-05-20 07:00:00,20.4,0,66.4,-84.12136905879075,163.30773881868822,68.72,0,68.72
2023-05-20 14:00:00,23.5,5,63.4,62.90035312063239,27.650851069772106,74.3,0,74.3
2023-05-20 22:00:00,21.7,0,63.1,29.43424690442141,-111.6448815254688,71.06,0,71.06
2023-05-21 08:00:00,18.7,0,57.3,13.973715781996065,156.52638629740198,65.66,0,65.66
2023-05-21 11:00:00,22.4,0,76.5,-25.593975119593253,69.61591386678688,72.32,0,72.32
2023-05-22 00:00:00,15.4,10,64.3,73.90902909859591,79.33823949112048,59.72,0,59.72
2023-05-22 01:00:00,15.4,0,56.9,28.696133174759566,81.94720957188792,59.72,0,59.72
2023-05-22 17:00:00,16.7,0,71.7,-84.84256303602218,-74.91197754078938,62.06,0,62.059999999999995
2023-05-23 07:00:00,16.0,5,78.7,-79.74382914047371,136.7108648259637,60.8,0,60.8
2023-05-23 08:00:00,15.7,0,66.6,17.138310142837454,-119.58674556742967,60.26,0,60.26
2023-05-23 09:00:00,20.5,0,67.3,-27.01118635727147,-104.05083937681783,68.9,0,68.9
2023-05-23 23:00:00,21.4,0,50.1,13.31097589242188,16.450548772689302,70.52,0,70.52
2023-05-24 01:00:00,22.1,0,60.2,66.72042614259317,0.2085542750992601,71.78,0,71.78
2023-05-24 06:00:00,20.7,0,64.4,28.26548968213932,-93.1805228492057,69.25999999999999,0,69.25999999999999
2023-05-24 15:00:00,20.6,0,92.2,81.82186719458593,-133.53435110488266,69.08,0,69.08
2023-05-24 17:00:00,21.7,0,56.8,-7.357675808397445,16.936324421607992,71.06,0,71.06
2023-05-25 00:00:00,21.9,0,60.4,-17.566873326123883,-38.9480779378182,71.42,0,71.42
2023-05-25 01:00:00,18.1,0,53.1,40.50109373384137,143.05885828693738,64.58,0,64.58
2023-05-25 08:00:00,20.1,0,76.0,58.62797128092007,124.60471579088336,68.18,0,68.18
2023-05-25 12:00:00,16.4,0,57.4,-61.88372857249213,-120.14808107410778,61.52,0,61.519999999999996
2023-05-25 18:00:00,18.3,5,61.4,-67.40103781827412,51.399868852774034,64.94,0,64.94
2023-05-26 08:00:00,19.6,20,68.9,10.267292389506324,-49.49928556865527,67.28,0,67.28
2023-05-26 09:00:00,17.5,0,73.0,-78.87447707593992,149.4005535891098,63.5,0,63.5
2023-05-26 23:00:00,19.2,0,56.1,-62.73980605163568,38.12285346461388,66.56,0,66.56
2023-05-27 04:00:00,20.0,5,56.8,-9.173021772577345,70.92869976154782,68.0,0,68.0
2023-05-27 06:00:00,15.4,0,51.6,65.19653525847397,129.28023275288996,59.72,0,59.72
2023-05-27 11:00:00,23.6,5,60.9,56.2452877879509,-148.78563566556952,74.48,0,74.48
2023-05-28 00:00:00,18.4,0,59.1,65.09967924583816,120.3569264697835,65.12,0,65.12
2023-05-28 02:00:00,13.3,0,54.7,-41.13143954231196,-89.2177641016092,55.94,0,55.94
2023-05-28 11:00:00,17.6,0,66.7,88.21959229563583,4.634907229896385,63.68,0,63.68
2023-05-29 23:00:00,18.5,0,62.4,58.02861801336377,-76.60036468614571,65.3,0,65.3
2023-05-30 00:00:00,19.2,0,75.3,-86.02809323718765,-150.27402310730022,66.56,0,66.56
2023-05-30 01:00:00,18.6,0,74.0,-87.67845543788542,-71.65212493261619,65.48,0,65.48
2023-05-30 02:00:00,15.8,0,68.9,-1.2924747840915671,13.822192543304766,60.440000000000005,0,60.440000000000005
2023-05-30 14:00:00,19.3,5,66.2,53.32384970214969,-81.12028687635404,66.74000000000001,0,66.74000000000001
2023-05-30 20:00:00,24.1,0,75.5,76.76348363211326,-51.48632539128101,75.38,0,75.38
2023-05-31 02:00:00,19.6,0,58.2,-54.64454114303687,82.55152817179425,67.28,0,67.28
2023-05-31 03:00:00,15.9,5,56.1,9.425904807102173,-14.272065671462316,60.62,0,60.62
2023-05-31 15:00:00,17.8,15,56.0,-59.2314475642473,94.38285138539209,64.04,0,64.04
2023-05-31 21:00:00,17.6,0,74.4,-21.098861927452703,27.536005130351725,63.68,0,63.68
2023-06-01 00:00:00,16.8,0,66.5,63.10341504272088,-59.60069023748254,62.24,0,62.24
2023-06-01 04:00:00,22.9,0,48.0,-45.56573503276808,68.99162471039455,73.22,0,73.22
2023-06-01 13:00:00,22.8,15,70.6,54.17652607260567,-29.737878361506745,73.04,0,73.04
2023-06-02 05:00:00,16.4,0,76.9,10.16363472278796,-29.03951504905621,61.52,0,61.519999999999996
2023-06-02 07:00:00,19.2,0,47.5,-35.408539647129075,-148.51925935204125,66.56,0,66.56
2023-06-02 14:00:00,19.2,5,55.6,-58.1123658199274,-16.983070097642354,66.56,0,66.56
2023-06-02 22:00:00,14.8,0,54.6,77.85987811547616,-44.14925635320572,58.64,0,58.64
2023-06-03 01:00:00,17.4,20,41.4,9.208793144946966,118.64257764589796,63.32,0,63.32
2023-06-03 12:00:00,18.4,0,79.0,73.26755287470394,67.40436364584585,65.12,0,65.12
2023-06-03 19:00:00,17.3,0,33.8,28.468768373563226,34.728147148875735,63.14,0,63.14
2023-06-04 21:00:00,17.9,0,59.6,12.130369948093204,24.57670185675661,64.22,0,64.22
2023-06-05 06:00:00,15.6,0,54.9,-84.9865966522066,-165.62788827704955,60.08,0,60.08
2023-06-05 11:00:00,14.7,0,60.7,82.76238367287303,-19.613586782461965,58.46,0,58.459999999999994
2023-06-05 15:00:00,14.8,0,37.3,13.371763516237976,-87.77105480183222,58.64,0,58.64
2023-06-06 04:00:00,12.0,0,52.6,80.86915912421105,124.15107074778308,53.6,0,53.6
2023-06-06 09:00:00,15.0,15,42.5,46.31093608959014,-56.93434490978706,59.0,0,59.0
2023-06-06 15:00:00,12.6,5,62.4,13.83432860388605,135.32577299996206,54.68,0,54.68
2023-06-06 18:00:00,17.1,5,58.7,41.66754474656085,-11.145330893464577,62.78,0,62.78
2023-06-06 19:00:00,21.8,0,49.5,-89.24626014696759,-81.54917446500727,71.24000000000001,0,71.24000000000001
2023-06-07 01:00:00,17.7,0,61.7,-88.76196680046313,-96.21779439040134,63.86,0,63.86
2023-06-07 07:00:00,13.9,0,55.5,17.294751942895076,128.71101879069255,57.02,0,57.02
2023-06-07 13:00:00,16.2,0,51.9,-80.17822650911418,160.0946574020934,61.16,0,61.16
2023-06-07 18:00:00,16.9,0,68.9,-35.56448796986345,60.79555117464673,62.42,0,62.42
2023-06-08 04:00:00,20.5,0,49.6,59.92734880336104,-72.72819522149625,68.9,0,68.9
2023-06-08 11:00:00,18.4,0,47.0,-12.768773525520132,41.10704795484409,65.12,0,65.12
2023-06-08 15:00:00,17.1,0,41.4,62.03986363624037,147.89745528707346,62.78,0,62.78
2023-06-09 03:00:00,12.9,0,48.3,-31.76452575261153,-151.3025736525774,55.22,0,55.22
2023-06-09 15:00:00,16.5,0,52.8,-87.5371653430774,123.8376498991289,61.7,0,61.7
2023-06-09 18:00:00,17.7,0,65.5,55.01678496540154,-92.75266975076558,63.86,0,63.86
2023-06-11 02:00:00,16.1,15,46.2,-55.18163826783314,48.71640481499557,60.98,0,60.980000000000004
2023-06-11 08:00:00,20.7,0,57.0,-68.33023581796398,150.91489117934103,69.25999999999999,0,69.25999999999999
2023-06-11 12:00:00,15.8,0,67.4,-79.26888143796137,-101.71694440179506,60.440000000000005,0,60.440000000000005
2023-06-11 18:00:00,15.6,0,48.7,84.55025390363588,16.06711359856888,60.08,0,60.08
2023-06-12 04:00:00,20.7,0,54.1,52.887258703447145,169.13479126816253,69.25999999999999,0,69.25999999999999
2023-06-12 06:00:00,13.9,10,59.2,29.48840547349052,-141.61549718282475,57.02,0,57.02
2023-06-12 21:00:00,26.5,0,67.3,-51.75949010481487,-160.62101103295473,79.7,1,79.7
2023-06-12 22:00:00,13.7,0,67.6,-6.239351890892507,-22.35604062855157,56.66,0,56.66
2023-06-14 01:00:00,16.6,0,53.9,-14.562094874924654,47.42007059757026,61.88,0,61.88
2023-06-14 14:00:00,13.1,0,64.9,-73.54404147291513,132.37275525092605,55.58,0,55.58
2023-06-14 23:00:00,12.0,0,87.3,-40.05635764950827,-109.54344956412632,53.6,0,53.6
2023-06-15 07:00:00,13.0,5,40.2,50.83664619830182,122.98392271539863,55.4,0,55.4
2023-06-15 11:00:00,13.9,0,33.5,-34.70104493617124,-3.942575838258051,57.02,0,57.02
2023-06-16 03:00:00,16.1,0,47.6,-82.51578722761312,-19.953539615005752,60.98,0,60.980000000000004
2023-06-16 04:00:00,10.7,0,55.6,58.69164321869138,78.92827220729947,51.26,0,51.26
2023-06-16 23:00:00,9.3,0,55.1,31.61932239727315,172.45146268500025,48.74,0,48.74
2023-06-17 19:00:00,16.2,0,45.9,-32.84105395363408,58.73264963107516,61.16,0,61.16
2023-06-18 08:00:00,14.1,5,45.1,25.527513024258354,-161.40335143872923,57.38,0,57.379999999999995
2023-06-18 13:00:00,13.1,0,36.8,69.49549958643294,-165.06096281643372,55.58,0,55.58
2023-06-19 17:00:00,9.6,0,58.5,29.100106733254023,-83.10183444301349,49.28,0,49.28
2023-06-19 21:00:00,18.5,0,68.7,-8.246940707392909,147.57485693749868,65.3,0,65.3
2023-06-20 00:00:00,14.1,0,39.9,-65.66088353168615,-65.91451042057508,57.38,0,57.379999999999995
2023-06-20 00:00:00,10.7,0,50.7,-37.06785680818,155.83236844558792,51.26,0,51.26
2023-06-20 02:00:00,18.2,0,41.6,-47.92665743338603,92.229204278441,64.75999999999999,0,64.75999999999999
2023-06-20 12:00:00,12.5,10,56.6,-56.40481083641714,107.27929267892064,54.5,0,54.5
2023-06-20 21:00:00,9.8,0,38.3,-80.7671071833812,53.44724048408534,49.64,0,49.64
2023-06-20 23:00:00,18.5,0,46.7,30.098220694952587,-100.56561853617056,65.3,0,65.3
2023-06-21 00:00:00,13.2,5,65.0,86.10386167023418,-109.63511986737603,55.76,0,55.76
2023-06-21 20:00:00,8.7,0,60.1,-82.74860661996027,165.19387434854758,47.66,0,47.66
2023-06-22 00:00:00,9.1,0,37.2,36.1100693510013,-80.79596052869574,48.38,0,48.379999999999995
2023-06-22 08:00:00,16.2,0,61.7,15.84008341733312,165.86866899768796,61.16,0,61.16
2023-06-22 19:00:00,10.8,0,50.9,-38.78255057815192,-157.03395974870477,51.44,0,51.44
2023-06-24 01:00:00,14.1,0,30.0,60.222922246012985,-160.2962255070051,57.38,0,57.379999999999995
2023-06-24 16:00:00,14.5,0,61.5,29.7100780211936,65.92114286029675,58.1,0,58.1
2023-06-25 03:00:00,14.0,0,50.8,73.65154752964543,-20.09397352378804,57.2,0,57.2
2023-06-25 07:00:00,9.6,10,63.1,-78.09026600980071,15.932641325490296,49.28,0,49.28
2023-06-25 09:00:00,7.1,0,38.2,-76.10624455923576,-15.155893754254294,44.78,0,44.78
2023-06-27 00:00:00,14.4,0,49.7,18.916113337296903,-33.96770659899451,57.92,0,57.92
2023-06-27 03:00:00,11.0,0,46.0,31.291001688600844,151.39291863691966,51.8,0,51.8
2023-06-27 04:00:00,13.6,5,41.3,11.505522016012264,169.2268044000145,56.48,0,56.48
2023-06-27 13:00:00,12.6,0,58.1,78.38721243494922,-106.4728417073656,54.68,0,54.68
2023-06-27 16:00:00,8.6,0,56.6,72.04754001637266,-5.171652571197456,47.48,0,47.48
2023-06-28 10:00:00,7.8,10,52.8,12.235373516894498,48.56639729513861,46.04,0,46.04
2023-06-28 18:00:00,5.0,0,63.6,-24.739236619362984,-75.97133102841893,41.0,0,41.0
2023-06-28 23:00:00,10.5,0,43.7,-26.042445274700214,41.551480735500746,50.9,0,50.9
2023-06-29 01:00:00,6.7,5,44.0,59.82543713897908,171.82217634369454,44.06,0,44.06
2023-06-29 02:00:00,9.0,0,49.6,28.74424912748537,169.86430847717446,48.2,0,48.2
2023-06-30 09:00:00,8.4,0,48.6,-77.38053486457375,113.17821144086936,47.120000000000005,0,47.120000000000005
2023-06-30 10:00:00,15.0,0,58.0,-81.06941279900926,136.54064021652243,59.0,0,59.0
2023-06-30 13:00:00,10.0,0,36.9,-19.241296639307805,-49.22807339670831,50.0,0,50.0
2023-07-01 03:00:00,11.1,0,58.0,67.33291919493334,68.51622488426244,51.98,0,51.98
2023-07-01 09:00:00,7.4,0,32.1,-64.06581851762408,-14.933317612674472,45.32,0,45.32
2023-07-01 18:00:00,9.0,0,39.3,-60.85385880620153,130.66546439268666,48.2,0,48.2
2023-07-01 21:00:00,9.4,0,61.4,-31.15061561939845,13.810716756368208,48.92,0,48.92
2023-07-02 01:00:00,5.1,0,35.6,-14.905184658376228,147.4374502843698,41.18,0,41.18
2023-07-02 15:00:00,7.8,0,65.5,8.74591470984393,163.67988847646478,46.04,0,46.04
2023-07-02 17:00:00,11.0,0,42.2,-87.07618022229833,-44.284979776737,51.8,0,51.8
2023-07-04 10:00:00,10.3,0,37.7,-8.281815984054177,-38.32007900172641,50.54,0,50.54
2023-07-05 02:00:00,13.7,10,46.3,-38.57263782103974,-114.18718012587868,56.66,0,56.66
2023-07-05 06:00:00,9.7,0,68.4,-19.42315615717692,47.29535195161557,49.46,0,49.46
2023-07-05 09:00:00,5.3,0,64.3,50.438276736414025,39.48548697927987,41.54,0,41.54
2023-07-05 10:00:00,6.2,0,51.3,10.114324673402097,-149.4121356397921,43.16,0,43.16
2023-07-06 04:00:00,5.9,0,57.0,34.56202607039785,-119.22839791755688,42.620000000000005,0,42.620000000000005
2023-07-06 07:00:00,11.2,0,53.4,-67.41246657615288,-90.43495605389626,52.16,0,52.16
2023-07-06 13:00:00,15.7,0,60.8,38.64939003036648,-78.5093919849894,60.26,0,60.26
2023-07-06 13:00:00,9.1,0,55.1,42.831170531566585,81.39054653418617,48.38,0,48.379999999999995
2023-07-06 23:00:00,6.9,0,54.7,79.46536275109176,-12.965249721462923,44.42,0,44.42
2023-07-08 07:00:00,4.1,10,42.9,-46.70431466757323,-23.25732357608948,39.38,0,39.38
2023-07-08 12:00:00,10.1,0,65.1,1.7737217190823884,4.000909856220204,50.18,0,50.18
2023-07-08 18:00:00,12.7,0,36.4,18.78467754865879,-98.18602071852158,54.86,0,54.86
2023-07-09 03:00:00,10.7,5,36.6,58.38308050488291,9.931670377979628,51.26,0,51.26
2023-07-09 03:00:00,13.6,0,59.7,-60.93758986843679,112.18572520014726,56.48,0,56.48
2023-07-09 14:00:00,8.0,0,35.7,-76.18354886002716,67.59691429166452,46.4,0,46.4
2023-07-09 20:00:00,5.0,0,40.3,14.525835219771295,-124.63786601524215,41.0,0,41.0
2023-07-09 22:00:00,8.4,0,49.3,-71.9557985298822,105.81664804266649,47.120000000000005,0,47.120000000000005
2023-07-10 02:00:00,8.0,0,52.7,17.4439242983981,134.2955329254732,46.4,0,46.4
2023-07-10 10:00:00,8.8,5,31.9,0.991576870175507,139.0216658601575,47.84,0,47.84
2023-07-10 15:00:00,10.1,0,47.0,-62.29801715512074,-57.59842101843883,50.18,0,50.18
2023-07-11 00:00:00,9.7,0,51.1,-36.66135565803599,-131.603966146962,49.46,0,49.46
2023-07-11 08:00:00,7.6,0,37.7,-69.05547267039074,-42.61806032071141,45.68,0,45.68
2023-07-11 11:00:00,10.0,0,54.9,-64.25979792016925,-157.5247221799991,50.0,0,50.0
2023-07-11 19:00:00,7.2,0,66.5,45.44430076556898,-57.00919943138334,44.96,0,44.96
2023-07-12 00:00:00,8.5,0,46.5,73.51821933828754,-67.34896270962386,47.3,0,47.3
2023-07-12 17:00:00,6.7,5,40.3,53.96100560024101,-174.88921159017946,44.06,0,44.06
2023-07-13 17:00:00,10.6,0,44.2,78.93536102516347,-27.442756824867587,51.08,0,51.08
2023-07-13 20:00:00,6.6,0,51.5,-47.13360234017466,160.46989280133482,43.88,0,43.879999999999995
2023-07-13 22:00:00,6.3,0,51.7,-17.51333022097917,-40.3298084167609,43.34,0,43.34
2023-07-14 21:00:00,8.8,0,38.8,-72.28364596175362,-110.7871493514869,47.84,0,47.84
2023-07-14 22:00:00,6.2,5,37.1,-3.0070287060614618,105.84520209574656,43.16,0,43.16
2023-07-15 08:00:00,8.4,0,65.5,59.870119198703605,-103.1245723834771,47.120000000000005,0,47.120000000000005
2023-07-15 10:00:00,1.2,0,44.6,75.31155757468045,-33.69004683335328,34.16,0,34.16
2023-07-16 13:00:00,7.1,5,47.9,-74.49621496853754,-21.757340961756483,44.78,0,44.78
2023-07-16 15:00:00,7.2,0,30.0,11.840679871379336,-38.47615264545149,44.96,0,44.96
2023-07-16 16:00:00,0.2,0,51.9,8.666136491043972,25.52653935077211,32.36,0,32.36
2023-07-17 17:00:00,9.6,5,31.1,-1.8640663142341225,-40.936426147603726,49.28,0,49.28
2023-07-18 13:00:00,1.0,0,39.4,-36.48830322936123,21.50807808012297,33.8,0,33.8
2023-07-18 14:00:00,-2.3,0,44.2,32.79450406591778,-131.86956441620296,27.86,0,27.86
2023-07-18 22:00:00,8.6,0,31.2,17.903005138568986,-59.4438155506854,47.48,0,47.48
2023-07-19 09:00:00,12.5,0,44.1,-56.76615767747354,-176.4321496231847,54.5,0,54.5
2023-07-19 10:00:00,1.7,0,61.7,56.58962026837705,3.765647284718881,35.06,0,35.06
2023-07-20 01:00:00,5.6,5,51.7,-22.58131619167537,-4.977484522242122,42.08,0,42.08
2023-07-20 17:00:00,2.5,0,43.7,5.8125376712617935,-120.85673642193264,36.5,0,36.5
2023-07-21 04:00:00,7.8,0,38.3,-6.483294329960273,145.90763964378556,46.04,0,46.04
2023-07-21 07:00:00,7.5,10,36.9,-64.5797621928331,-108.49261900972712,45.5,0,45.5
2023-07-21 08:00:00,8.2,15,47.3,-66.20766160430308,-66.07543288521018,46.76,0,46.76
2023-07-21 08:00:00,2.9,0,48.9,9.851724590823764,9.39384477055512,37.22,0,37.22
2023-07-21 13:00:00,5.6,15,53.6,54.74980169709914,-31.988038867204665,42.08,0,42.08
2023-07-21 19:00:00,1.8,0,60.3,-5.086829246680964,-74.18996621822384,35.24,0,35.24
2023-07-22 02:00:00,7.4,0,30.7,23.367717798247384,-170.87450246498216,45.32,0,45.32
2023-07-22 10:00:00,3.9,0,38.5,-81.29471201121945,161.41303900401084,39.02,0,39.02
2023-07-23 10:00:00,-0.3,0,45.1,47.76540549444732,0.8538551899543734,31.46,0,31.46
2023-07-23 20:00:00,0.9,0,38.1,49.09885553971424,159.1409590158944,33.62,0,33.62
2023-07-24 17:00:00,1.8,0,37.0,12.19091722758982,1.6041390009679333,35.24,0,35.24
2023-07-24 20:00:00,5.9,0,56.4,-42.61547762675799,65.71457235617655,42.620000000000005,0,42.620000000000005
2023-07-24 21:00:00,0.7,0,43.2,6.844086965502527,62.96155309949572,33.26,0,33.26
2023-07-25 09:00:00,1.3,0,49.7,57.13341251509968,-140.1827044056621,34.34,0,34.34
2023-07-25 11:00:00,5.2,5,37.3,1.0254138806473208,-94.21571860088704,41.36,0,41.36
2023-07-25 12:00:00,-0.9,15,36.0,86.24727991811079,-58.92357806267992,30.38,0,30.38
2023-07-25 15:00:00,-0.6,0,43.0,79.35843052065678,41.42511144529127,30.92,0,30.92
2023-07-25 18:00:00,4.9,0,35.8,-15.454607721180082,-76.49596822184675,40.82,0,40.82
2023-07-26 02:00:00,7.0,0,30.0,51.1929851783035,83.93773612924787,44.6,0,44.6
2023-07-26 07:00:00,9.3,0,47.2,-75.56638377381961,12.795290315207351,48.74,0,48.74
2023-07-26 11:00:00,-0.7,0,35.4,-60.65655951332048,109.83503233480856,30.74,0,30.74
2023-07-26 16:00:00,2.4,5,46.7,-3.864893414485948,120.29907895503892,36.32,0,36.32
2023-07-26 21:00:00,4.3,5,38.3,-15.152657756686024,171.52435059674764,39.74,0,39.74
2023-07-26 21:00:00,4.5,0,30.0,-11.908093886056037,-144.9479182351604,40.1,0,40.1
2023-07-27 21:00:00,6.8,0,41.0,47.974916919892905,58.08336442010079,44.24,0,44.239999999999995
2023-07-28 23:00:00,9.0,0,31.9,-65.7762719212606,-134.5984839448522,48.2,0,48.2
2023-07-29 17:00:00,6.4,0,55.8,-3.871607380705953,-44.20735831525008,43.52,0,43.519999999999996
2023-07-30 01:00:00,1.2,0,40.6,23.41676283509942,-39.88489729556204,34.16,0,34.16
2023-07-30 02:00:00,-0.5,0,36.7,-40.33391501150157,-94.82047822529736,31.1,0,31.1
2023-07-30 14:00:00,1.2,5,61.5,-85.3614722224168,-87.45743081188485,34.16,0,34.16
2023-07-31 10:00:00,-1.9,0,55.6,3.5301016445413467,-93.00278850509332,28.58,0,28.580000000000002
2023-08-01 12:00:00,2.1,0,56.4,-76.17545130340412,-110.87420949358678,35.78,0,35.78
2023-08-02 03:00:00,1.5,0,39.1,12.982133469997136,-23.39474603751958,34.7,0,34.7
2023-08-02 03:00:00,-1.4,0,30.5,-39.41104496995995,139.09693030565103,29.48,0,29.48
2023-08-02 21:00:00,7.0,0,53.9,57.72530893802028,139.74888587806947,44.6,0,44.6
2023-08-03 06:00:00,-1.0,0,30.0,-58.56350653866068,-60.32639081722854,30.2,0,30.2
2023-08-03 06:00:00,4.8,0,48.1,24.799345532206477,-38.24814903645358,40.64,0,40.64
2023-08-03 21:00:00,8.4,0,39.1,-68.63236280835994,-2.53549020389039,47.120000000000005,0,47.120000000000005
2023-08-03 23:00:00,-1.9,15,41.1,70.11347598787737,93.60199618635544,28.58,0,28.580000000000002
2023-08-05 22:00:00,1.9,20,30.0,61.95821855150575,153.38144153457557,35.42,0,35.42
2023-08-06 00:00:00,3.2,0,31.6,-18.731299284729037,-28.53483747529796,37.76,0,37.76
2023-08-06 11:00:00,2.9,0,34.7,58.18917828240544,-113.1202963084652,37.22,0,37.22
2023-08-06 23:00:00,6.0,0,45.7,85.44430728873925,-35.32454235477377,42.8,0,42.8
2023-08-07 08:00:00,-3.5,0,30.4,61.05247109645376,-142.05550413727357,25.7,0,25.7
2023-08-07 09:00:00,-0.0,0,54.9,-21.772712631053693,-5.810321208847881,32.0,0,32.0
2023-08-07 11:00:00,0.3,0,44.9,29.97395580474628,176.50266141057887,32.54,0,32.54
2023-08-07 18:00:00,-0.2,0,44.5,-58.606331919930085,-132.01766709041766,31.64,0,31.64
2023-08-08 05:00:00,0.3,0,43.1,-2.189822662077745,64.46397761842945,32.54,0,32.54
2023-08-08 11:00:00,0.3,0,33.1,55.828996192746445,10.334635158258948,32.54,0,32.54
2023-08-08 12:00:00,-1.7,0,30.0,31.64812651873325,-126.5375586082749,28.94,0,28.94
2023-08-08 21:00:00,3.5,0,49.1,52.5944150643017,148.6082881468302,38.3,0,38.3
2023-08-09 04:00:00,-0.0,5,41.1,29.13022532051967,-144.15130312558958,32.0,0,32.0
2023-08-09 12:00:00,0.5,0,32.8,13.606817155214756,-70.52593105033782,32.9,0,32.9
2023-08-09 17:00:00,1.0,0,31.2,7.955759250666389,143.26387782660692,33.8,0,33.8
2023-08-09 19:00:00,1.8,20,40.3,-89.79982304468626,126.73742968968946,35.24,0,35.24
2023-08-10 12:00:00,2.0,0,35.3,11.8531008563844,-165.82972326489738,35.6,0,35.6
2023-08-10 16:00:00,3.4,5,43.0,-31.461984670281964,16.803815363032214,38.12,0,38.12
2023-08-11 12:00:00,4.2,0,43.3,-46.67930734371245,123.77263091699018,39.56,0,39.56
2023-08-12 02:00:00,0.5,0,30.0,-21.0212341294947,147.45434079993998,32.9,0,32.9
2023-08-12 06:00:00,0.3,0,34.5,59.51209687772243,-101.668341624608,32.54,0,32.54
2023-08-12 07:00:00,4.4,0,30.0,22.61714209690976,171.88436274618334,39.92,0,39.92
2023-08-12 09:00:00,-1.7,0,30.0,-72.35861673946661,25.63170622664893,28.94,0,28.94
2023-08-12 15:00:00,-2.0,0,39.2,60.88147579472411,-70.78120429351206,28.4,0,28.4
2023-08-12 16:00:00,-4.0,0,37.7,-71.01298305701357,161.16702374314065,24.8,0,24.8
2023-08-13 10:00:00,-0.7,0,38.9,-66.02221365540683,90.51239431126896,30.74,0,30.74
2023-08-13 22:00:00,-0.1,0,43.5,41.44485411532281,154.58525418569536,31.82,0,31.82
2023-08-14 03:00:00,-1.7,0,41.9,-29.63311088085676,-3.232885439192387,28.94,0,28.94
2023-08-14 03:00:00,0.8,0,30.0,29.11999184489493,45.96079577717114,33.44,0,33.44
2023-08-14 15:00:00,7.2,5,33.4,89.92038658507894,-119.2109531866578,44.96,0,44.96
2023-08-14 18:00:00,-1.5,10,38.5,9.843664461906087,-87.2524804451295,29.3,0,29.3
2023-08-14 20:00:00,1.6,0,30.3,36.312889297906295,59.30611376790466,34.88,0,34.88
2023-08-15 04:00:00,-4.9,0,32.8,-34.9660876594876,148.76268706053736,23.18,0,23.18
2023-08-15 10:00:00,-3.2,0,45.9,66.94435103049099,174.13616995529463,26.24,0,26.240000000000002
2023-08-15 14:00:00,0.4,20,30.0,-52.36931273276772,16.03991687568316,32.72,0,32.72
2023-08-16 02:00:00,-2.0,0,31.8,-77.89784758369899,163.2250365775542,28.4,0,28.4
2023-08-16 03:00:00,3.7,0,54.0,-56.6501669399628,-129.79791496614234,38.66,0,38.660000000000004
2023-08-16 20:00:00,1.0,0,47.8,46.26866064575259,-167.1875169096685,33.8,0,33.8
2023-08-16 21:00:00,4.1,10,49.2,41.55666223970886,-134.76834273156695,39.38,0,39.38
2023-08-17 02:00:00,2.5,10,30.0,42.28665253108096,175.2825403397871,36.5,0,36.5
2023-08-17 03:00:00,4.2,0,44.9,18.3252121101805,-10.214508529705796,39.56,0,39.56
2023-08-17 09:00:00,3.3,0,41.7,-19.278880399227774,-106.5368201232238,37.94,0,37.94
2023-08-17 15:00:00,3.7,0,30.0,83.42639054537895,78.36341680565982,38.66,0,38.660000000000004
2023-08-18 03:00:00,-2.1,0,30.0,55.7863956545219,-52.27297572370007,28.22,0,28.22
2023-08-18 12:00:00,2.4,10,30.0,-19.23351669107727,27.556196382410405,36.32,0,36.32
2023-08-18 14:00:00,-6.7,5,32.8,-2.2922362619908654,63.98036683247537,19.94,0,19.939999999999998
2023-08-18 18:00:00,1.7,0,30.0,17.45014021437106,-14.98914740652978,35.06,0,35.06
2023-08-18 19:00:00,-2.7,0,33.2,7.428619969502051,24.91432672659397,27.14,0,27.14
2023-08-19 05:00:00,-2.5,0,37.7,65.95617303714602,73.45132293299648,27.5,0,27.5
2023-08-19 09:00:00,-1.9,5,56.2,15.903399776967603,164.56853971432662,28.58,0,28.580000000000002
2023-08-19 17:00:00,-1.9,0,30.8,34.815983050135614,157.74522210890007,28.58,0,28.580000000000002
2023-08-19 22:00:00,-3.6,0,35.0,-61.773713042974975,-109.1922489673837,25.52,0,25.52
2023-08-20 09:00:00,-3.6,0,49.5,-56.79737080922099,-118.63349583060888,25.52,0,25.52
2023-08-20 13:00:00,-5.5,0,30.0,-30.35660062746293,-47.42996133775208,22.1,0,22.1
2023-08-20 14:00:00,-2.9,5,45.7,10.417261618813171,3.993775730063277,26.78,0,26.78
2023-08-20 16:00:00,-1.2,0,45.9,-21.428667895774492,167.96103817699588,29.84,0,29.84
2023-08-20 16:00:00,-4.0,0,30.0,-26.44147999108989,13.514451710524668,24.8,0,24.8
2023-08-21 12:00:00,2.7,0,41.5,31.95824493307965,38.636790045503744,36.86,0,36.86
2023-08-22 02:00:00,1.5,5,38.8,14.020400284935905,43.67902469605463,34.7,0,34.7
2023-08-23 16:00:00,0.5,0,30.0,34.03577767468134,109.86278304973564,32.9,0,32.9
2023-08-23 16:00:00,-4.8,0,48.4,-18.39718063276233,101.44073733434146,23.36,0,23.36
2023-08-23 22:00:00,-5.4,0,32.7,20.129583618579854,110.97655603786018,22.28,0,22.28
2023-08-23 23:00:00,-4.1,0,44.2,80.41612404460332,162.742480790041,24.62,0,24.62
2023-08-24 02:00:00,-0.7,10,34.3,-82.45526099107364,-72.03686652196696,30.74,0,30.74
2023-08-24 03:00:00,-4.3,0,52.1,57.77658311384536,-179.7847420194737,24.26,0,24.26
2023-08-25 05:00:00,-1.6,0,32.3,-37.19638414061823,-65.50573978997284,29.12,0,29.12
2023-08-25 09:00:00,-6.3,0,30.0,75.73313706167437,-61.62385757450065,20.66,0,20.66
2023-08-25 17:00:00,-3.2,0,38.6,-79.73515547934852,-114.96328512793086,26.24,0,26.240000000000002
2023-08-26 11:00:00,-1.7,0,38.1,-23.135892727612173,-67.46471103301195,28.94,0,28.94
2023-08-27 06:00:00,-1.0,0,30.0,-36.75166245062351,-56.42082393679863,30.2,0,30.2
2023-08-27 18:00:00,-0.6,0,31.1,2.9309938555813204,28.738647377181,30.92,0,30.92
2023-08-27 19:00:00,-3.1,0,37.5,-19.45609867009638,74.3774864379184,26.42,0,26.42
2023-08-27 20:00:00,0.2,0,30.0,-50.17703463970848,1.2042470182154543,32.36,0,32.36
2023-08-27 21:00:00,-6.2,10,30.0,46.12568245603819,0.7003458474630122,20.84,0,20.84
2023-08-28 01:00:00,-0.3,0,30.0,78.0748961402646,-165.66788179952863,31.46,0,31.46
2023-08-28 04:00:00,-12.3,5,30.0,-58.94570214965483,-135.9007696922439,9.86,0,9.86
2023-08-28 05:00:00,-1.5,0,30.7,-20.29060594352856,-160.34029084315114,29.3,0,29.3
2023-08-28 10:00:00,-2.6,0,30.0,-10.253932859228511,-40.59966916432549,27.32,0,27.32
2023-08-28 14:00:00,1.5,0,47.0,-49.91830575784471,-19.85312418208531,34.7,0,34.7
2023-08-28 17:00:00,-8.2,0,30.0,-5.10309166489283,153.98846390714664,17.240000000000002,0,17.240000000000002
2023-08-28 17:00:00,-2.3,0,32.8,5.736917970902979,-167.60472891360675,27.86,0,27.86
2023-08-28 20:00:00,-5.9,0,30.0,-63.84119536430926,111.5923477260501,21.38,0,21.38
2023-08-29 00:00:00,-2.6,0,35.4,-44.78953184128777,-69.23552778793852,27.32,0,27.32
2023-08-29 00:00:00,-5.4,10,30.0,18.635185170201765,-12.58691968047242,22.28,0,22.28
2023-08-29 13:00:00,-2.0,0,42.3,-60.95387549009104,35.03245619905627,28.4,0,28.4
2023-08-29 20:00:00,-5.7,0,43.6,-58.158548851682895,-26.81796266213658,21.74,0,21.74
2023-08-30 00:00:00,-4.1,20,38.9,-49.180927442463776,5.460130219171958,24.62,0,24.62
2023-08-30 08:00:00,-0.8,0,45.1,25.91218430057043,-70.8408778160698,30.56,0,30.56
2023-08-30 23:00:00,-4.3,0,33.5,58.74134597103361,-121.87883302814842,24.26,0,24.26
2023-08-31 07:00:00,0.1,5,31.5,81.26006861935656,27.02180644517327,32.18,0,32.18
2023-08-31 13:00:00,-5.3,0,41.6,-64.3398200940392,-20.361922979024143,22.46,0,22.46
2023-08-31 16:00:00,-5.7,0,37.0,-71.4883334116542,-166.783340346096,21.74,0,21.74
2023-09-01 01:00:00,-3.2,5,51.3,45.92405114013528,94.28036197589428,26.24,0,26.240000000000002
2023-09-01 05:00:00,-1.2,0,30.0,46.82896736222864,127.63706155278491,29.84,0,29.84
2023-09-01 14:00:00,-7.5,0,30.0,18.164161018635497,-77.32591103505094,18.5,0,18.5
2023-09-01 23:00:00,0.3,0,40.8,14.12865148127942,-49.17458448020628,32.54,0,32.54
2023-09-02 03:00:00,-6.4,0,30.5,-10.296335422127257,-23.30557932364061,20.48,0,20.48
2023-09-02 16:00:00,-1.5,0,30.0,15.838493303489898,-142.44728855332244,29.3,0,29.3
2023-09-03 08:00:00,-5.0,0,37.2,89.37473558375146,-155.50656692699891,23.0,0,23.0
2023-09-03 08:00:00,-4.9,0,30.0,-50.31222490534513,-119.10171821672871,23.18,0,23.18
2023-09-03 10:00:00,-1.6,5,44.6,35.48946458483648,12.725196502196413,29.12,0,29.12
2023-09-03 15:00:00,-7.6,0,30.0,-38.587322058796246,-114.56510480597008,18.32,0,18.32
2023-09-05 20:00:00,-8.4,0,42.9,54.26023972013167,64.4985245950426,16.88,0,16.88
2023-09-05 23:00:00,-1.1,0,40.1,-77.67891853811697,-140.87428582511086,30.02,0,30.02
2023-09-06 00:00:00,-5.3,15,48.0,-1.3436314714279265,-155.36134467265458,22.46,0,22.46
2023-09-06 04:00:00,-6.0,5,30.0,7.253893217069944,-113.74388206192312,21.2,0,21.2
2023-09-06 05:00:00,-9.9,0,30.0,-15.789648990300194,78.21427531167228,14.18,0,14.18
2023-09-06 06:00:00,-6.1,0,30.0,-59.72334196202672,36.34037443357883,21.02,0,21.02
2023-09-06 11:00:00,-2.9,0,30.0,-81.90057217762362,-137.0842405773936,26.78,0,26.78
2023-09-07 06:00:00,-11.6,15,30.3,12.826884588677515,-57.87336197741893,11.12,0,11.120000000000001
2023-09-07 11:00:00,-1.7,0,38.2,-12.607628439632094,-14.135903912997406,28.94,0,28.94
2023-09-07 18:00:00,-2.0,0,30.0,22.5594305918017,121.49010706275884,28.4,0,28.4
2023-09-08 02:00:00,-4.2,0,30.2,12.959258091046706,-38.29121270012084,24.44,0,24.439999999999998
2023-09-08 03:00:00,-5.5,0,30.0,-63.1350954465347,133.07388653238166,22.1,0,22.1
2023-09-08 05:00:00,-5.8,0,36.6,58.77919335446356,-75.11001377841198,21.56,0,21.560000000000002
2023-09-08 06:00:00,-0.6,0,41.2,-78.83338254681932,168.01421040664582,30.92,0,30.92
2023-09-08 10:00:00,-5.3,0,30.9,-51.06010002645113,-177.7738238492772,22.46,0,22.46
2023-09-09 12:00:00,-6.6,15,30.0,43.03205566908704,102.6230115767152,20.12,0,20.12
2023-09-11 10:00:00,-9.1,0,37.2,57.30847646031634,-22.42194302392511,15.62,0,15.620000000000001
2023-09-11 13:00:00,-6.1,0,30.0,31.029091792506662,163.12324118188965,21.02,0,21.02
2023-09-11 21:00:00,-1.7,0,30.0,38.65558975991024,94.86570372055638,28.94,0,28.94
2023-09-12 03:00:00,-4.5,0,30.0,-68.31947880061823,131.17185592415035,23.9,0,23.9
2023-09-12 07:00:00,-3.5,0,32.0,-86.55201260077448,171.28037467761578,25.7,0,25.7
2023-09-12 23:00:00,-1.3,0,55.2,-18.853323222391595,-42.43554199440965,29.66,0,29.66
2023-09-13 07:00:00,-2.5,0,37.3,9.119408299353282,157.7030902445273,27.5,0,27.5
2023-09-13 19:00:00,-3.3,5,41.2,-25.534851024754005,-90.85260849428208,26.06,0,26.060000000000002
2023-09-14 14:00:00,-0.0,0,39.4,11.50072578997242,149.4354436164108,32.0,0,32.0
2023-09-14 18:00:00,-1.8,0,40.3,-73.37510493995187,123.79658804313442,28.76,0,28.76
2023-09-15 00:00:00,-2.4,0,30.0,23.831326163791545,158.88038140328462,27.68,0,27.68
2023-09-15 07:00:00,-5.1,5,45.8,54.97781927399754,-9.563162624992287,22.82,0,22.82
2023-09-15 14:00:00,-6.1,0,30.8,-2.915542825083492,-32.69426851494413,21.02,0,21.02
2023-09-15 18:00:00,-3.9,0,30.0,39.97189155668136,-79.67004626573072,24.98,0,24.98
2023-09-16 06:00:00,-6.0,0,42.7,-3.216222194428468,-119.67604585037766,21.2,0,21.2
2023-09-17 02:00:00,-7.1,0,35.8,-13.052438263751768,36.88890136461592,19.22,0,19.22
2023-09-18 01:00:00,0.8,0,30.0,-88.8364155978521,-2.879377404450196,33.44,0,33.44
2023-09-18 05:00:00,-4.5,0,30.0,-15.985714343491608,44.41664374556655,23.9,0,23.9
2023-09-18 10:00:00,-3.1,0,30.0,-63.6414738114931,-127.02122960581968,26.42,0,26.42
2023-09-18 14:00:00,-7.4,0,30.0,-47.25385978459365,-49.32617745460621,18.68,0,18.68
2023-09-18 15:00:00,-2.4,10,35.0,-53.19929295643085,-119.41970813722338,27.68,0,27.68
2023-09-19 05:00:00,-6.4,0,37.1,13.56465116323774,6.483755295395241,20.48,0,20.48
2023-09-19 15:00:00,-4.8,5,50.3,-52.180705275776674,69.45128252092388,23.36,0,23.36
2023-09-20 10:00:00,-6.6,0,30.0,59.11896076901834,-24.17762841941797,20.12,0,20.12
2023-09-20 14:00:00,-6.7,0,30.0,-69.0150465799746,-55.59134908650731,19.94,0,19.939999999999998
2023-09-21 07:00:00,-5.3,0,30.0,9.479208199814678,-96.39911127551647,22.46,0,22.46
2023-09-21 20:00:00,-6.3,0,30.0,-50.30923258158352,95.27434213855446,20.66,0,20.66
2023-09-22 02:00:00,-5.6,5,32.8,67.52405135180737,166.34105961888656,21.92,0,21.92
2023-09-22 06:00:00,-0.2,0,31.1,-80.79296298832843,-24.54944576120019,31.64,0,31.64
2023-09-22 11:00:00,-3.2,0,30.0,-82.77500536463403,-80.3685124975289,26.24,0,26.240000000000002
2023-09-22 13:00:00,-6.2,0,30.0,-68.41960317491183,-6.03645268484334,20.84,0,20.84
2023-09-22 13:00:00,-4.8,0,30.0,-73.12022527373703,-130.5719882223947,23.36,0,23.36
2023-09-22 23:00:00,0.5,0,34.1,15.592305291059276,141.58961776372416,32.9,0,32.9
2023-09-23 02:00:00,-4.7,0,39.7,-45.60144915502684,-25.00710447130669,23.54,0,23.54
2023-09-24 11:00:00,-7.6,0,30.0,1.9045363427207749,17.607467390425796,18.32,0,18.32
2023-09-24 13:00:00,0.8,0,30.0,-5.747570237827773,129.06232363855963,33.44,0,33.44
2023-09-24 19:00:00,-7.7,0,39.1,-49.30576721809872,122.07589156786014,18.14,0,18.14
2023-09-25 07:00:00,-7.0,5,30.0,-38.12678532728469,-96.17091952460608,19.4,0,19.4
2023-09-25 15:00:00,-9.1,0,30.0,17.141351889492284,75.48168366162881,15.62,0,15.620000000000001
2023-09-25 15:00:00,-7.9,0,38.8,-41.61642929456433,16.354062076216707,17.779999999999998,0,17.779999999999998
2023-09-25 15:00:00,-1.4,0,32.7,-80.93708514551642,-91.09397988291867,29.48,0,29.48
2023-09-26 07:00:00,-3.7,0,42.7,32.12999429267481,-153.58893571454303,25.34,0,25.34
2023-09-26 22:00:00,-8.9,0,30.0,-47.35200151680324,-72.6219164757158,15.979999999999997,0,15.979999999999997
2023-09-27 04:00:00,-12.2,0,30.0,22.622744207043468,74.74341086659271,10.04,0,10.04
2023-09-27 05:00:00,-1.8,0,36.3,-58.12519402848783,-64.53591036783436,28.76,0,28.76
2023-09-27 21:00:00,-5.9,0,40.9,-57.4394577517983,-54.783954924103455,21.38,0,21.38
2023-09-28 12:00:00,-7.7,0,30.0,-53.72489195886369,6.95256935122913,18.14,0,18.14
2023-09-28 19:00:00,-4.0,0,30.0,75.10825198398251,-15.966162201644124,24.8,0,24.8
2023-09-29 09:00:00,-5.7,10,31.2,55.62425525250174,6.5078992945241225,21.74,0,21.74
2023-09-29 12:00:00,-7.9,0,33.2,71.22418996799098,-64.05568732953729,17.779999999999998,0,17.779999999999998
2023-09-29 21:00:00,-4.5,0,30.0,-6.066105670832613,-132.59271476296547,23.9,0,23.9
2023-09-30 23:00:00,-7.9,0,30.0,-27.81344632977977,-145.18995847647582,17.779999999999998,0,17.779999999999998
2023-10-01 13:00:00,-9.1,0,30.0,37.69899563411546,74.62040828604017,15.62,0,15.620000000000001
2023-10-01 23:00:00,-1.8,5,31.4,34.56909954715407,-47.99560330692668,28.76,0,28.76
2023-10-02 00:00:00,-4.3,10,30.2,74.71093185310002,-135.63091507228148,24.26,0,24.26
2023-10-02 22:00:00,-1.5,0,30.0,53.55252815336746,77.7544896750207,29.3,0,29.3
2023-10-03 14:00:00,-5.3,0,50.9,17.22236834907531,-170.24160515895608,22.46,0,22.46
2023-10-03 15:00:00,-4.8,0,30.0,5.661884554074959,91.64497003406518,23.36,0,23.36
2023-10-03 23:00:00,-3.4,5,34.8,-60.72105328101267,175.72466734366873,25.880000000000003,0,25.880000000000003
2023-10-04 06:00:00,-3.0,10,30.0,8.447197677385844,-148.11179773080812,26.6,0,26.6
2023-10-04 10:00:00,-0.1,0,30.0,57.37324130712915,147.3946213269155,31.82,0,31.82
2023-10-04 10:00:00,-3.8,0,30.0,84.25374866113202,-155.66229018994207,25.16,0,25.16
2023-10-04 12:00:00,-5.6,0,40.4,10.22128396707383,111.17747645700626,21.92,0,21.92
2023-10-05 11:00:00,-6.2,0,30.0,-72.60392982820458,96.86200793750072,20.84,0,20.84
2023-10-05 12:00:00,-7.9,0,33.8,83.06861842334018,1.9874850204565175,17.779999999999998,0,17.779999999999998
2023-10-05 15:00:00,-4.2,0,36.7,65.80122897099662,85.36766902439007,24.44,0,24.439999999999998
2023-10-07 11:00:00,-10.0,0,30.0,79.29071151829245,-70.23487522137714,14.0,0,14.0
2023-10-07 15:00:00,-5.0,0,30.0,49.86887141731612,-130.274894469511,23.0,0,23.0
2023-10-07 17:00:00,-6.3,0,30.0,80.26643592577557,-90.09209547743212,20.66,0,20.66
2023-10-07 19:00:00,-10.5,5,30.0,-28.420628244553072,100.09667033395168,13.1,0,13.100000000000001
2023-10-07 22:00:00,-4.1,5,41.0,14.104757360977205,-94.04936240903132,24.62,0,24.62
2023-10-08 09:00:00,-9.4,15,30.0,-51.35474025659602,-141.55174655914908,15.079999999999998,0,15.079999999999998
2023-10-08 11:00:00,-9.0,0,34.8,87.91577891342658,-43.29453426420645,15.8,0,15.8
2023-10-09 08:00:00,-5.6,5,33.0,-2.496512661313659,162.85923086354086,21.92,0,21.92
2023-10-09 18:00:00,-6.4,0,30.0,88.47589964892958,-67.3796888912808,20.48,0,20.48
2023-10-09 22:00:00,1.7,0,46.0,83.83449776755455,-120.15742966140286,35.06,0,35.06
2023-10-10 09:00:00,-8.1,0,39.9,-23.00881405555852,-34.082870167096786,17.42,0,17.42
2023-10-11 11:00:00,-9.9,0,30.0,22.095612583171388,166.15826356952385,14.18,0,14.18
2023-10-11 11:00:00,-6.1,5,39.8,-24.947319767906464,101.48072867888033,21.02,0,21.02
2023-10-11 18:00:00,-6.5,0,35.3,-83.71592052187971,118.33523417448232,20.3,0,20.3
2023-10-11 20:00:00,-5.3,0,30.0,-4.483822883981745,63.67401929792754,22.46,0,22.46
2023-10-11 21:00:00,-3.8,0,50.2,-25.448115248353545,72.39513145113719,25.16,0,25.16
2023-10-12 06:00:00,-5.3,0,30.0,88.66472318779742,36.20995091536898,22.46,0,22.46
2023-10-12 12:00:00,1.5,0,30.0,-75.31223039912909,-85.5329844638513,34.7,0,34.7
2023-10-12 18:00:00,-7.7,0,36.8,-80.95625823186322,-14.07659824563052,18.14,0,18.14
2023-10-13 00:00:00,-5.2,0,35.9,68.98924825672029,117.52725941718586,22.64,0,22.64
2023-10-13 03:00:00,-3.7,0,30.0,41.66936352776503,-40.7493928613232,25.34,0,25.34
2023-10-13 08:00:00,-4.7,0,32.1,45.43161881468183,-66.20352784309061,23.54,0,23.54
2023-10-13 17:00:00,-4.1,15,30.0,67.3753201446745,-14.28154176860457,24.62,0,24.62
2023-10-14 09:00:00,-6.4,0,30.0,61.36356787252328,-68.28894644236289,20.48,0,20.48
2023-10-15 06:00:00,-4.4,0,44.4,67.11469588181961,72.29103048062652,24.08,0,24.08
2023-10-15 10:00:00,-8.5,0,50.8,33.848200273343195,87.80586742877472,16.7,0,16.7
2023-10-15 22:00:00,0.2,0,38.8,2.603038993180945,41.98391213949904,32.36,0,32.36
2023-10-16 17:00:00,-4.8,0,30.0,43.495461330487615,171.56196839624556,23.36,0,23.36
2023-10-16 17:00:00,-2.4,0,33.7,14.963439437925032,-36.00611341431534,27.68,0,27.68
2023-10-17 00:00:00,-4.1,0,50.7,50.31300625633142,-22.951430511423357,24.62,0,24.62
2023-10-17 08:00:00,-0.1,0,39.3,-49.27096259942648,-25.506182895004144,31.82,0,31.82
2023-10-17 10:00:00,-3.7,0,37.0,-29.845311448840214,16.128390699395425,25.34,0,25.34
2023-10-17 13:00:00,-6.1,0,38.7,15.217760386702466,-15.520294174583938,21.02,0,21.02
2023-10-17 16:00:00,-5.2,0,39.6,-25.006549258613305,99.64743739510708,22.64,0,22.64
2023-10-18 00:00:00,-6.5,0,30.0,42.18582176859931,-5.3170359244717815,20.3,0,20.3
2023-10-19 04:00:00,-4.1,20,35.7,66.31371431044812,89.62673430974348,24.62,0,24.62
2023-10-21 10:00:00,-5.0,0,31.4,-1.337567264406431,52.41692774102819,23.0,0,23.0
2023-10-21 12:00:00,-1.3,0,30.0,-86.23185879118802,1.669423671876558,29.66,0,29.66
2023-10-22 04:00:00,-10.1,0,44.9,-28.0876164196166,-95.48840817901034,13.82,0,13.82
2023-10-22 08:00:00,-7.4,0,31.5,18.4408995539858,86.98582348268002,18.68,0,18.68
2023-10-22 14:00:00,-3.4,5,30.0,53.84843479886078,43.28454562600336,25.880000000000003,0,25.880000000000003
2023-10-23 10:00:00,-3.4,0,37.0,-52.4104316109738,-115.50098941554567,25.880000000000003,0,25.880000000000003
2023-10-23 18:00:00,-0.6,10,36.1,35.091561481748585,90.64733889129587,30.92,0,30.92
2023-10-24 02:00:00,-5.2,0,36.3,-88.05400494566466,19.997845158823168,22.64,0,22.64
2023-10-24 17:00:00,-2.4,10,31.1,-3.3699687805373344,179.56545689363566,27.68,0,27.68
2023-10-25 01:00:00,-3.9,5,42.3,-39.30911242098629,115.29119482016029,24.98,0,24.98
2023-10-25 07:00:00,-5.2,15,30.0,-11.12784961529799,75.37997585677905,22.64,0,22.64
2023-10-25 13:00:00,-5.2,0,30.0,-41.10602737061347,130.12044696767674,22.64,0,22.64
2023-10-25 13:00:00,-5.2,10,38.9,-48.35148545216735,116.6391546767922,22.64,0,22.64
2023-10-25 19:00:00,-1.2,0,30.0,-10.061359756808642,-172.43670348491014,29.84,0,29.84
2023-10-25 20:00:00,-1.3,5,35.2,-47.353681098589774,174.00267662912154,29.66,0,29.66
2023-10-26 09:00:00,-7.7,0,33.6,-21.214894530137528,-64.44106356927679,18.14,0,18.14
2023-10-27 01:00:00,-3.4,0,39.6,88.65263162915485,-169.07263000811847,25.880000000000003,0,25.880000000000003
2023-10-27 01:00:00,-0.1,0,43.9,-43.23093517074609,-103.77148966112895,31.82,0,31.82
2023-10-27 16:00:00,-2.6,0,34.0,13.295852941877342,-86.09427145364799,27.32,0,27.32
2023-10-27 17:00:00,-3.5,0,30.0,-15.62894690261048,-51.85520155056941,25.7,0,25.7
2023-10-27 22:00:00,2.8,0,38.0,60.055921885531006,139.48881847663768,37.04,0,37.04
2023-10-28 11:00:00,-2.1,0,36.7,71.38343852442182,96.39526237716154,28.22,0,28.22
2023-10-28 11:00:00,1.5,0,39.6,-40.45694741333851,9.017762488338462,34.7,0,34.7
2023-10-28 18:00:00,-3.6,0,49.7,17.873871661149963,6.749224961295397,25.52,0,25.52
2023-10-29 04:00:00,-1.3,0,34.7,-2.128018444053481,28.552825003845925,29.66,0,29.66
2023-10-29 05:00:00,-4.4,0,33.4,47.24045256147633,-132.94176350768737,24.08,0,24.08
2023-10-29 19:00:00,-0.5,0,40.2,85.91038786196052,42.189921762108014,31.1,0,31.1
2023-10-31 02:00:00,-6.0,0,30.0,56.640780847798055,45.15604205997366,21.2,0,21.2
2023-10-31 08:00:00,0.8,0,37.5,-47.91369004324846,124.21427360279132,33.44,0,33.44
2023-11-01 04:00:00,-2.4,15,32.1,-17.961790347059036,85.6539968395681,27.68,0,27.68
2023-11-01 15:00:00,-0.9,15,30.0,-71.381859325113,53.5258632086512,30.38,0,30.38
2023-11-01 16:00:00,1.9,15,30.8,47.4646084830577,15.763345341028897,35.42,0,35.42
2023-11-01 19:00:00,-2.8,0,30.0,-19.48635889878993,-56.510383467591225,26.96,0,26.96
2023-11-01 22:00:00,-4.4,0,38.8,30.67818008344516,85.1303428628662,24.08,0,24.08
2023-11-02 14:00:00,1.6,0,48.7,2.467413938754873,-161.58041767962868,34.88,0,34.88
2023-11-02 16:00:00,-3.8,0,30.0,41.15813116258849,-31.9991698818545,25.16,0,25.16
2023-11-02 16:00:00,1.3,0,50.8,12.757935031105715,102.01939919850184,34.34,0,34.34
2023-11-02 21:00:00,0.4,0,33.6,54.542138674737686,79.36442692659222,32.72,0,32.72
2023-11-03 08:00:00,-6.2,0,30.0,-34.84209191339312,168.21762853330716,20.84,0,20.84
2023-11-04 21:00:00,-2.9,0,37.3,-33.31467997399877,-106.7274454007173,26.78,0,26.78
2023-11-04 21:00:00,-2.3,0,30.0,32.33397283112585,16.70654671636754,27.86,0,27.86
2023-11-04 21:00:00,-2.0,0,40.7,76.03817105810239,-156.92590402697684,28.4,0,28.4
2023-11-05 12:00:00,-1.4,0,36.7,58.83454097509557,-47.1109702286864,29.48,0,29.48
2023-11-05 12:00:00,-3.6,0,37.8,-82.789358570875,58.4329459430592,25.52,0,25.52
2023-11-05 22:00:00,-1.3,5,38.2,-20.281946764443475,-176.14249282967077,29.66,0,29.66
2023-11-06 07:00:00,-0.3,0,40.7,-55.81149543763904,35.21088482454505,31.46,0,31.46
2023-11-06 08:00:00,-2.2,0,37.0,5.682987483611612,164.03380821593618,28.04,0,28.04
2023-11-06 15:00:00,0.8,15,30.6,-4.065085893536335,100.81731133441563,33.44,0,33.44
2023-11-06 16:00:00,-2.8,0,40.5,84.80716332629143,161.2006912689227,26.96,0,26.96
2023-11-06 16:00:00,-3.9,0,37.4,-41.7286138059156,-148.27160484839106,24.98,0,24.98
2023-11-06 18:00:00,-5.3,0,34.0,-64.80227219008268,-39.2697263371816,22.46,0,22.46
2023-11-07 04:00:00,-7.2,5,46.4,-8.686894323340113,17.898211858791967,19.04,0,19.04
2023-11-07 10:00:00,-1.3,0,30.0,-58.77071093609604,-163.00918738894356,29.66,0,29.66
2023-11-07 20:00:00,3.9,15,30.0,-29.807787782025244,-137.02283591824914,39.02,0,39.02
2023-11-08 02:00:00,-3.5,0,32.7,-68.64412216651554,-31.1340490956147,25.7,0,25.7
2023-11-08 12:00:00,-0.1,0,30.0,-33.23452621209885,-19.90340033099912,31.82,0,31.82
2023-11-08 18:00:00,2.5,0,47.0,13.147596111422814,86.96379904805866,36.5,0,36.5
2023-11-08 18:00:00,0.2,0,32.2,-36.01042744013592,177.16883021228978,32.36,0,32.36
2023-11-09 14:00:00,0.3,0,33.1,58.23940079012743,115.06495303715218,32.54,0,32.54
2023-11-09 22:00:00,-2.1,0,30.0,-21.60376578622896,-11.31948194719152,28.22,0,28.22
2023-11-09 22:00:00,0.2,0,39.0,71.63363643260195,-23.87004072466317,32.36,0,32.36
2023-11-09 22:00:00,1.8,0,45.7,77.97691579667512,-130.18622590059962,35.24,0,35.24
2023-11-10 06:00:00,-1.7,0,33.9,-0.6769400578534857,-68.31529785190628,28.94,0,28.94
2023-11-10 09:00:00,-3.9,0,30.0,40.427691632573215,81.13377608454869,24.98,0,24.98
2023-11-10 21:00:00,-3.9,15,30.0,-33.501946227295086,63.21123848427797,24.98,0,24.98
2023-11-10 23:00:00,-0.5,0,36.8,83.40485768028682,53.54896100220654,31.1,0,31.1
2023-11-10 23:00:00,-4.9,0,35.0,-0.3366101613523682,87.25317735232147,23.18,0,23.18
2023-11-11 04:00:00,0.1,0,51.6,-44.19336030871315,63.50341280760219,32.18,0,32.18
2023-11-11 12:00:00,-5.7,0,43.6,-27.44661684352417,163.9613489177043,21.74,0,21.74
2023-11-11 13:00:00,-6.8,0,52.8,-52.14265986855714,152.15225025728597,19.76,0,19.76
2023-11-11 22:00:00,0.5,0,38.1,59.15752310129207,139.4728327333297,32.9,0,32.9
2023-11-11 23:00:00,1.2,0,30.0,71.70956398512627,-95.91575001530003,34.16,0,34.16
2023-11-12 02:00:00,0.6,0,37.0,-30.92769309642984,-38.40455866133206,33.08,0,33.08
2023-11-13 09:00:00,1.3,15,30.0,-44.039452722616055,-59.4759449193555,34.34,0,34.34
2023-11-13 09:00:00,-1.0,10,40.8,-15.331382006156645,20.767928826762983,30.2,0,30.2
2023-11-13 16:00:00,6.6,0,45.5,-12.101132818472593,-25.79335179521536,43.88,0,43.879999999999995
2023-11-13 20:00:00,-0.5,0,49.4,-1.9093432668140335,-104.5115001251277,31.1,0,31.1
2023-11-14 18:00:00,1.4,0,42.2,-28.32387362594612,-78.01761474267217,34.52,0,34.52
2023-11-14 23:00:00,0.6,0,46.9,-43.01126527772735,151.44890428030303,33.08,0,33.08
2023-11-15 02:00:00,-4.8,0,43.8,72.78475949889429,78.73852077439284,23.36,0,23.36
2023-11-15 10:00:00,2.2,0,35.8,-82.9094699352925,89.7729971921845,35.96,0,35.96
2023-11-15 10:00:00,-6.4,5,36.0,11.41350560709374,107.51608092838916,20.48,0,20.48
2023-11-17 00:00:00,-2.0,0,42.5,-66.05823619668082,99.98204762440548,28.4,0,28.4
2023-11-18 00:00:00,0.3,0,30.4,1.0676977775205216,-150.03969616509397,32.54,0,32.54
2023-11-18 08:00:00,1.0,10,45.4,-50.63149999682295,-109.815022260493,33.8,0,33.8
2023-11-18 16:00:00,1.8,0,39.3,72.43434599149862,-34.74685115028015,35.24,0,35.24
2023-11-18 23:00:00,-1.9,0,42.3,-79.2102058449645,1.7681224500501287,28.58,0,28.580000000000002
2023-11-19 03:00:00,0.5,5,38.5,-89.99447060783116,-107.35381862911552,32.9,0,32.9
2023-11-19 13:00:00,0.7,5,36.0,-48.60112428661671,128.8565690390384,33.26,0,33.26
2023-11-19 16:00:00,-3.6,0,47.5,-34.60123704723316,-72.02541690969615,25.52,0,25.52
2023-11-19 18:00:00,0.7,0,40.7,-49.226107313500975,-175.23762735409417,33.26,0,33.26
2023-11-19 21:00:00,0.0,0,38.5,31.938852821093008,39.53259415732214,32.0,0,32.0
2023-11-20 03:00:00,3.4,0,38.8,26.777769508689477,-110.63649726478788,38.12,0,38.12
2023-11-20 06:00:00,-2.1,0,36.9,-52.64263148297338,112.30064446963804,28.22,0,28.22
2023-11-20 07:00:00,3.3,0,41.9,14.712596535813605,-98.1066226703256,37.94,0,37.94
2023-11-20 12:00:00,2.2,0,30.0,16.880513749821404,95.8483701937364,35.96,0,35.96
2023-11-20 18:00:00,0.6,20,30.0,-26.160083102685093,-127.43243305309348,33.08,0,33.08
2023-11-21 23:00:00,-0.8,0,43.5,-13.248295775707945,27.94070902936812,30.56,0,30.56
2023-11-22 01:00:00,-1.2,0,58.1,-67.17167594092462,158.3727742388552,29.84,0,29.84
2023-11-22 03:00:00,1.0,20,32.1,38.18466825850891,147.17753917807045,33.8,0,33.8
2023-11-22 11:00:00,-2.7,0,38.3,50.36775912181227,-132.73633007826328,27.14,0,27.14
2023-11-22 14:00:00,-0.9,0,33.5,-58.47783477653642,129.1313236480466,30.38,0,30.38
2023-11-22 19:00:00,0.7,0,39.5,-80.50225358527153,129.47232432693835,33.26,0,33.26
2023-11-22 21:00:00,4.3,0,48.2,23.64755868868518,-18.3317349114447,39.74,0,39.74
2023-11-22 22:00:00,-0.7,0,34.4,-75.10736958872582,-175.00963107137036,30.74,0,30.74
2023-11-22 23:00:00,-3.2,0,43.6,-29.14480631407295,-60.21738845626352,26.24,0,26.240000000000002
2023-11-23 13:00:00,-1.6,0,41.0,-39.49185361717512,86.24922379982735,29.12,0,29.12
2023-11-25 17:00:00,5.2,5,42.1,-14.819940752940951,173.25272786085964,41.36,0,41.36
2023-11-27 20:00:00,-2.8,0,30.0,32.345499030002145,-114.54564497855804,26.96,0,26.96
2023-11-27 21:00:00,3.6,0,31.1,61.58976779706859,-46.064315587605336,38.48,0,38.48
2023-11-28 18:00:00,0.2,0,30.0,-16.605341099508195,-164.48396077860335,32.36,0,32.36
2023-11-29 03:00:00,1.5,0,43.6,13.838616236017527,167.8587471893469,34.7,0,34.7
2023-11-29 18:00:00,2.8,0,36.7,-44.84176201967396,107.2096852827861,37.04,0,37.04
2023-11-29 19:00:00,3.0,0,41.6,41.20905601892829,44.46191204904139,37.4,0,37.4
2023-11-29 20:00:00,3.1,0,57.6,-85.7326043439867,-37.78079837155346,37.58,0,37.58
2023-11-30 05:00:00,4.6,0,30.0,-54.87002690064293,-32.15425211629818,40.28,0,40.28
2023-11-30 18:00:00,-2.6,0,51.5,87.72050854431828,23.54973831091368,27.32,0,27.32
2023-11-30 19:00:00,0.1,0,30.6,-79.45824504878391,140.8104330456634,32.18,0,32.18
2023-11-30 23:00:00,7.9,0,38.5,-66.9013448060224,63.58220407890232,46.22,0,46.22
2023-12-01 02:00:00,1.9,0,30.0,-52.10875086023827,-118.14139427124296,35.42,0,35.42
2023-12-01 05:00:00,2.0,0,48.7,-33.16083277509072,-177.35290396040628,35.6,0,35.6
2023-12-01 07:00:00,4.8,0,38.8,-18.120135564139943,163.1905803296541,40.64,0,40.64
2023-12-01 21:00:00,3.7,0,40.1,-21.421570739688025,106.71860214845184,38.66,0,38.660000000000004
2023-12-02 08:00:00,2.4,0,41.3,55.02861462027923,-44.26058483938843,36.32,0,36.32
2023-12-03 00:00:00,2.2,0,34.2,-54.24397615846696,-131.97011921164545,35.96,0,35.96
2023-12-03 19:00:00,9.1,15,49.3,33.176564806562055,142.4000667145986,48.38,0,48.379999999999995
2023-12-03 22:00:00,2.1,0,30.0,53.59180740267851,-140.75509836926568,35.78,0,35.78
2023-12-04 13:00:00,4.7,5,34.5,-81.79467156923961,29.91807262076327,40.46,0,40.46
2023-12-05 01:00:00,2.1,0,45.7,0.436911689947749,-106.5284419839263,35.78,0,35.78
2023-12-06 07:00:00,4.8,0,38.5,50.99363693208858,35.074527326431195,40.64,0,40.64
2023-12-06 19:00:00,4.8,0,51.7,-50.63223594175502,90.46041277455606,40.64,0,40.64
2023-12-07 02:00:00,3.2,20,36.0,80.48906332204461,-30.54756456261154,37.76,0,37.76
2023-12-07 05:00:00,2.8,0,51.6,45.04783750899162,-136.81694097685087,37.04,0,37.04
2023-12-07 11:00:00,3.8,0,30.0,-56.65133603100173,147.33096999731725,38.84,0,38.839999999999996
2023-12-08 02:00:00,2.1,20,33.5,12.651648971650287,81.72666972508824,35.78,0,35.78
2023-12-08 04:00:00,5.6,0,39.3,19.819425966522232,-59.8404250548728,42.08,0,42.08
2023-12-08 08:00:00,7.7,0,30.0,-75.48922706947168,102.0605409316472,45.86,0,45.86
2023-12-08 16:00:00,3.5,0,39.2,34.390046293067115,3.2018652251568653,38.3,0,38.3
2023-12-08 21:00:00,5.3,0,53.6,62.12175326928627,135.17591414252274,41.54,0,41.54
2023-12-09 00:00:00,4.3,0,45.5,76.88228073560089,164.2650773448101,39.74,0,39.74
2023-12-09 05:00:00,-0.0,0,48.8,17.741338779196795,178.3517446531642,32.0,0,32.0
2023-12-09 08:00:00,1.4,0,43.1,5.632923303167743,-159.93329270852098,34.52,0,34.52
2023-12-09 12:00:00,2.2,0,40.7,60.29049702499268,-161.54515469664065,35.96,0,35.96
2023-12-09 15:00:00,5.2,0,50.5,-20.39272973208398,-55.0947778640691,41.36,0,41.36
2023-12-09 21:00:00,1.9,0,41.1,-75.79090746962001,178.46440273847628,35.42,0,35.42
2023-12-09 22:00:00,6.7,0,30.0,-17.873249969796007,135.98978575054497,44.06,0,44.06
2023-12-10 01:00:00,7.0,0,40.6,41.18004980111655,37.15670235582155,44.6,0,44.6
2023-12-10 11:00:00,3.1,0,40.9,72.43258969992144,25.50741706035416,37.58,0,37.58
2023-12-10 13:00:00,1.2,0,46.6,-59.27249460375357,125.6752871851234,34.16,0,34.16
2023-12-10 17:00:00,5.5,0,42.0,46.90361564195081,73.81472628729338,41.9,0,41.9
2023-12-10 21:00:00,2.1,5,67.2,-18.663727410320305,98.81481712312473,35.78,0,35.78
2023-12-10 23:00:00,5.9,0,40.6,56.47020187000095,128.82880206629602,42.620000000000005,0,42.620000000000005
2023-12-11 17:00:00,6.1,20,51.8,-17.02389147495211,-128.58685038976773,42.98,0,42.980000000000004
2023-12-11 18:00:00,6.5,0,30.0,-72.54617922622354,-93.02354048312532,43.7,0,43.7
2023-12-11 19:00:00,6.5,10,50.2,48.344639564376365,-5.940689361550625,43.7,0,43.7
2023-12-11 22:00:00,10.0,0,44.7,-80.92498075160235,-144.18191920573273,50.0,0,50.0
2023-12-13 16:00:00,3.1,5,51.3,15.405783097070255,-101.24218497208332,37.58,0,37.58
2023-12-14 02:00:00,0.4,0,46.9,51.726952466869136,-102.228681458494,32.72,0,32.72
2023-12-14 06:00:00,7.6,0,37.7,88.11096000917803,-54.70129602816462,45.68,0,45.68
2023-12-14 06:00:00,5.1,0,33.3,80.81652006846025,167.9839995225987,41.18,0,41.18
2023-12-14 13:00:00,8.7,0,53.4,-39.84424863929345,-46.71641315355237,47.66,0,47.66
2023-12-15 14:00:00,2.7,0,35.2,-38.16983831832136,-90.50224153920972,36.86,0,36.86
2023-12-15 18:00:00,8.7,0,30.0,-58.41150707135567,-105.54555847197734,47.66,0,47.66
2023-12-15 19:00:00,7.4,0,46.4,28.71107669723888,-98.28772579025244,45.32,0,45.32
2023-12-16 09:00:00,-0.1,0,47.3,7.447395763338889,-23.56885321038166,31.82,0,31.82
2023-12-16 16:00:00,8.3,0,42.4,-18.41680540205016,-26.242183670276432,46.94,0,46.94
2023-12-17 08:00:00,4.2,0,36.0,-67.61774854244334,153.6867223725111,39.56,0,39.56
2023-12-17 17:00:00,9.4,0,49.3,2.107340480646158,-5.697708421173303,48.92,0,48.92
2023-12-17 21:00:00,6.6,0,30.0,-75.19098163012886,155.42654519394296,43.88,0,43.879999999999995
2023-12-18 01:00:00,5.6,0,50.6,-74.51421173407022,133.0321218533927,42.08,0,42.08
2023-12-18 14:00:00,3.3,0,50.4,7.982079774177791,-62.56061748686466,37.94,0,37.94
2023-12-19 04:00:00,5.3,0,59.0,-45.05958850675857,160.20866324900476,41.54,0,41.54
2023-12-19 06:00:00,6.3,0,40.2,78.17474055014824,138.12622836767628,43.34,0,43.34
2023-12-19 19:00:00,11.6,0,48.5,84.58677456213437,-44.39648144539351,52.88,0,52.879999999999995
2023-12-20 02:00:00,7.8,0,45.8,57.687765206449455,-147.12273563991943,46.04,0,46.04
2023-12-20 22:00:00,5.5,0,41.4,9.924081615573924,-121.19239809246366,41.9,0,41.9
2023-12-21 16:00:00,9.2,0,49.2,17.884750507589814,170.9655382116846,48.56,0,48.56
2023-12-21 22:00:00,8.9,10,43.4,-34.47570933189288,-105.9140242838082,48.02,0,48.02
2023-12-22 01:00:00,10.2,0,35.6,15.269006035042352,-87.0812484575707,50.36,0,50.36
2023-12-22 20:00:00,7.0,0,43.6,-85.46416293220747,-98.94203128226452,44.6,0,44.6
2023-12-23 01:00:00,3.2,15,49.8,9.09570250732061,-141.76302206815575,37.76,0,37.76
2023-12-23 05:00:00,4.8,0,54.6,77.4717156304786,-124.86797996977576,40.64,0,40.64
2023-12-23 06:00:00,12.4,0,32.8,26.96184841757392,136.7415892589284,54.32,0,54.32
2023-12-23 14:00:00,11.0,0,30.0,86.50228087093024,-61.14385788638242,51.8,0,51.8
2023-12-23 14:00:00,11.4,0,47.7,-22.77756987611305,-155.14670271190502,52.52,0,52.52
2023-12-23 18:00:00,8.8,0,34.9,-7.501752974236425,108.8625709993077,47.84,0,47.84
2023-12-24 10:00:00,5.0,0,45.9,-85.50510081893107,61.56467299184754,41.0,0,41.0
2023-12-25 14:00:00,5.6,0,42.8,-54.66702558400793,-138.9722806370732,42.08,0,42.08
2023-12-25 14:00:00,6.9,0,35.8,57.11495619838263,18.23776532516314,44.42,0,44.42
2023-12-25 22:00:00,8.0,0,48.4,19.07945410878459,-157.69925331156435,46.4,0,46.4
2023-12-26 02:00:00,13.4,0,48.4,-59.42032682056969,-37.9874192980113,56.120000000000005,0,56.120000000000005
2023-12-26 04:00:00,7.1,0,36.0,-85.67909192792001,-66.37204246782518,44.78,0,44.78
2023-12-26 07:00:00,7.0,0,57.7,-81.23492728801264,168.10866526259355,44.6,0,44.6
2023-12-26 11:00:00,7.8,0,50.7,-12.877577307216823,-93.31062621365764,46.04,0,46.04
2023-12-27 07:00:00,10.5,0,55.7,-79.99100609751709,177.95890896685734,50.9,0,50.9
2023-12-28 02:00:00,15.7,0,37.9,-82.93150543650259,138.4123419348333,60.26,0,60.26
2023-12-28 05:00:00,8.3,0,46.3,58.91438695270426,-94.50601013902175,46.94,0,46.94
2023-12-29 10:00:00,8.9,0,45.7,44.47408808322521,-93.66481720562751,48.02,0,48.02
2023-12-29 12:00:00,5.9,0,55.5,-27.884925807617925,-21.36064196725431,42.620000000000005,0,42.620000000000005
2023-12-29 23:00:00,9.8,0,62.4,-23.86966883452732,-90.52566446612664,49.64,0,49.64
2023-12-30 02:00:00,11.2,0,58.0,63.207132376676725,92.32239167600824,52.16,0,52.16
2023-12-30 07:00:00,14.1,0,52.3,-40.7447247850611,58.68979334033307,57.38,0,57.379999999999995
2023-12-30 09:00:00,9.6,0,56.7,-53.587089151523344,-41.57430706574405,49.28,0,49.28
2023-12-30 13:00:00,9.8,0,46.8,-12.658794596073363,-167.62433099337892,49.64,0,49.64
2023-12-30 13:00:00,11.4,0,50.0,14.516140663734134,-78.28190369329,52.52,0,52.52
2023-12-30 16:00:00,14.7,0,54.0,-83.75891323930804,-120.42008112108395,58.46,0,58.459999999999994
2023-12-30 20:00:00,10.4,0,34.4,-77.50906453724699,36.28517376226287,50.72,0,50.72
2023-12-30 23:00:00,8.2,0,54.3,54.97740774827625,-58.02354632778935,46.76,0,46.76
